
-- Generated Seed File
USE movie_booking;

DELETE FROM Bookings;
DELETE FROM Seats;
DELETE FROM Shows;
DELETE FROM Movies;
DELETE FROM Screens;
DELETE FROM Theaters;

ALTER TABLE Movies AUTO_INCREMENT = 1;
ALTER TABLE Shows AUTO_INCREMENT = 1;
ALTER TABLE Seats AUTO_INCREMENT = 1;
ALTER TABLE Screens AUTO_INCREMENT = 1;
ALTER TABLE Theaters AUTO_INCREMENT = 1;
ALTER TABLE Bookings AUTO_INCREMENT = 1;

-- 12 MOVIES
INSERT INTO Movies (title, duration, language) VALUES
('Inception', 148, 'English'),
('Interstellar', 169, 'English'),
('The Dark Knight', 152, 'English'),
('Parasite', 132, 'Korean'),
('Dune: Part Two', 166, 'English'),
('Oppenheimer', 180, 'English'),
('RRR', 187, 'Telugu'),
('Spirited Away', 125, 'Japanese'),
('Avatar', 162, 'English'),
('The Matrix', 136, 'English'),
('Gladiator', 155, 'English'),
('Avengers: Endgame', 181, 'English');

-- 3 THEATERS
INSERT INTO Theaters (name, location) VALUES
('CineMax Multiplex', 'Downtown'),
('Starlight Cinemas', 'Uptown'),
('Galaxy IMAX', 'City Center');

-- 5 SCREENS
INSERT INTO Screens (theater_id, screen_name) VALUES
(1, 'Screen 1'),
(1, 'Screen 2'),
(2, 'Audi 1'),
(2, 'Audi 2'),
(3, 'IMAX Hall');

-- 12 SHOWS
INSERT INTO Shows (movie_id, screen_id, show_time, price) VALUES
(1, 1, '2026-04-26 10:00:00', 250),
(6, 1, '2026-04-26 14:00:00', 300),
(2, 2, '2026-04-26 11:30:00', 280),
(8, 2, '2026-04-26 15:30:00', 220),
(3, 3, '2026-04-26 13:00:00', 350),
(7, 3, '2026-04-26 17:00:00', 250),
(4, 4, '2026-04-26 15:00:00', 200),
(5, 5, '2026-04-26 18:00:00', 450),
(9, 5, '2026-04-26 22:00:00', 500),
(10, 4, '2026-04-27 10:00:00', 200),
(11, 3, '2026-04-27 12:00:00', 300),
(12, 5, '2026-04-27 15:00:00', 550);


-- MASSIVE SEATING INSERTS --
INSERT INTO Seats (show_id, seat_number) VALUES
(1, 'A1'),
(1, 'A2'),
(1, 'A3'),
(1, 'A4'),
(1, 'A5'),
(1, 'A6'),
(1, 'A7'),
(1, 'A8'),
(1, 'A9'),
(1, 'A10'),
(1, 'A11'),
(1, 'A12'),
(1, 'A13'),
(1, 'A14'),
(1, 'A15'),
(1, 'A16'),
(1, 'A17'),
(1, 'A18'),
(1, 'B1'),
(1, 'B2'),
(1, 'B3'),
(1, 'B4'),
(1, 'B5'),
(1, 'B6'),
(1, 'B7'),
(1, 'B8'),
(1, 'B9'),
(1, 'B10'),
(1, 'B11'),
(1, 'B12'),
(1, 'B13'),
(1, 'B14'),
(1, 'B15'),
(1, 'B16'),
(1, 'B17'),
(1, 'B18'),
(1, 'C1'),
(1, 'C2'),
(1, 'C3'),
(1, 'C4'),
(1, 'C5'),
(1, 'C6'),
(1, 'C7'),
(1, 'C8'),
(1, 'C9'),
(1, 'C10'),
(1, 'C11'),
(1, 'C12'),
(1, 'C13'),
(1, 'C14'),
(1, 'C15'),
(1, 'C16'),
(1, 'C17'),
(1, 'C18'),
(1, 'D1'),
(1, 'D2'),
(1, 'D3'),
(1, 'D4'),
(1, 'D5'),
(1, 'D6'),
(1, 'D7'),
(1, 'D8'),
(1, 'D9'),
(1, 'D10'),
(1, 'D11'),
(1, 'D12'),
(1, 'D13'),
(1, 'D14'),
(1, 'D15'),
(1, 'D16'),
(1, 'D17'),
(1, 'D18'),
(1, 'E1'),
(1, 'E2'),
(1, 'E3'),
(1, 'E4'),
(1, 'E5'),
(1, 'E6'),
(1, 'E7'),
(1, 'E8'),
(1, 'E9'),
(1, 'E10'),
(1, 'E11'),
(1, 'E12'),
(1, 'E13'),
(1, 'E14'),
(1, 'E15'),
(1, 'E16'),
(1, 'E17'),
(1, 'E18'),
(1, 'F1'),
(1, 'F2'),
(1, 'F3'),
(1, 'F4'),
(1, 'F5'),
(1, 'F6'),
(1, 'F7'),
(1, 'F8'),
(1, 'F9'),
(1, 'F10'),
(1, 'F11'),
(1, 'F12'),
(1, 'F13'),
(1, 'F14'),
(1, 'F15'),
(1, 'F16'),
(1, 'F17'),
(1, 'F18'),
(1, 'G1'),
(1, 'G2'),
(1, 'G3'),
(1, 'G4'),
(1, 'G5'),
(1, 'G6'),
(1, 'G7'),
(1, 'G8'),
(1, 'G9'),
(1, 'G10'),
(1, 'G11'),
(1, 'G12'),
(1, 'G13'),
(1, 'G14'),
(1, 'G15'),
(1, 'G16'),
(1, 'G17'),
(1, 'G18'),
(1, 'H1'),
(1, 'H2'),
(1, 'H3'),
(1, 'H4'),
(1, 'H5'),
(1, 'H6'),
(1, 'H7'),
(1, 'H8'),
(1, 'H9'),
(1, 'H10'),
(1, 'H11'),
(1, 'H12'),
(1, 'H13'),
(1, 'H14'),
(1, 'H15'),
(1, 'H16'),
(1, 'H17'),
(1, 'H18'),
(1, 'I1'),
(1, 'I2'),
(1, 'I3'),
(1, 'I4'),
(1, 'I5'),
(1, 'I6'),
(1, 'I7'),
(1, 'I8'),
(1, 'I9'),
(1, 'I10'),
(1, 'I11'),
(1, 'I12'),
(1, 'I13'),
(1, 'I14'),
(1, 'I15'),
(1, 'I16'),
(1, 'I17'),
(1, 'I18'),
(1, 'J1'),
(1, 'J2'),
(1, 'J3'),
(1, 'J4'),
(1, 'J5'),
(1, 'J6'),
(1, 'J7'),
(1, 'J8'),
(1, 'J9'),
(1, 'J10'),
(1, 'J11'),
(1, 'J12'),
(1, 'J13'),
(1, 'J14'),
(1, 'J15'),
(1, 'J16'),
(1, 'J17'),
(1, 'J18'),
(1, 'K1'),
(1, 'K2'),
(1, 'K3'),
(1, 'K4'),
(1, 'K5'),
(1, 'K6'),
(1, 'K7'),
(1, 'K8'),
(1, 'K9'),
(1, 'K10'),
(1, 'K11'),
(1, 'K12'),
(1, 'K13'),
(1, 'K14'),
(1, 'K15'),
(1, 'K16'),
(1, 'K17'),
(1, 'K18'),
(1, 'L1'),
(1, 'L2'),
(1, 'L3'),
(1, 'L4'),
(1, 'L5'),
(1, 'L6'),
(1, 'L7'),
(1, 'L8'),
(1, 'L9'),
(1, 'L10'),
(1, 'L11'),
(1, 'L12'),
(1, 'L13'),
(1, 'L14'),
(1, 'L15'),
(1, 'L16'),
(1, 'L17'),
(1, 'L18'),
(1, 'M1'),
(1, 'M2'),
(1, 'M3'),
(1, 'M4'),
(1, 'M5'),
(1, 'M6'),
(1, 'M7'),
(1, 'M8'),
(1, 'M9'),
(1, 'M10'),
(1, 'M11'),
(1, 'M12'),
(1, 'M13'),
(1, 'M14'),
(1, 'M15'),
(1, 'M16'),
(1, 'M17'),
(1, 'M18'),
(1, 'N1'),
(1, 'N2'),
(1, 'N3'),
(1, 'N4'),
(1, 'N5'),
(1, 'N6'),
(1, 'N7'),
(1, 'N8'),
(1, 'N9'),
(1, 'N10'),
(1, 'N11'),
(1, 'N12'),
(1, 'N13'),
(1, 'N14'),
(1, 'N15'),
(1, 'N16'),
(1, 'N17'),
(1, 'N18'),
(1, 'R1'),
(1, 'R2'),
(1, 'R3'),
(1, 'R4'),
(1, 'R5'),
(1, 'R6'),
(1, 'R7'),
(1, 'R8');

INSERT INTO Seats (show_id, seat_number) VALUES
(2, 'A1'),
(2, 'A2'),
(2, 'A3'),
(2, 'A4'),
(2, 'A5'),
(2, 'A6'),
(2, 'A7'),
(2, 'A8'),
(2, 'A9'),
(2, 'A10'),
(2, 'A11'),
(2, 'A12'),
(2, 'A13'),
(2, 'A14'),
(2, 'A15'),
(2, 'A16'),
(2, 'A17'),
(2, 'A18'),
(2, 'B1'),
(2, 'B2'),
(2, 'B3'),
(2, 'B4'),
(2, 'B5'),
(2, 'B6'),
(2, 'B7'),
(2, 'B8'),
(2, 'B9'),
(2, 'B10'),
(2, 'B11'),
(2, 'B12'),
(2, 'B13'),
(2, 'B14'),
(2, 'B15'),
(2, 'B16'),
(2, 'B17'),
(2, 'B18'),
(2, 'C1'),
(2, 'C2'),
(2, 'C3'),
(2, 'C4'),
(2, 'C5'),
(2, 'C6'),
(2, 'C7'),
(2, 'C8'),
(2, 'C9'),
(2, 'C10'),
(2, 'C11'),
(2, 'C12'),
(2, 'C13'),
(2, 'C14'),
(2, 'C15'),
(2, 'C16'),
(2, 'C17'),
(2, 'C18'),
(2, 'D1'),
(2, 'D2'),
(2, 'D3'),
(2, 'D4'),
(2, 'D5'),
(2, 'D6'),
(2, 'D7'),
(2, 'D8'),
(2, 'D9'),
(2, 'D10'),
(2, 'D11'),
(2, 'D12'),
(2, 'D13'),
(2, 'D14'),
(2, 'D15'),
(2, 'D16'),
(2, 'D17'),
(2, 'D18'),
(2, 'E1'),
(2, 'E2'),
(2, 'E3'),
(2, 'E4'),
(2, 'E5'),
(2, 'E6'),
(2, 'E7'),
(2, 'E8'),
(2, 'E9'),
(2, 'E10'),
(2, 'E11'),
(2, 'E12'),
(2, 'E13'),
(2, 'E14'),
(2, 'E15'),
(2, 'E16'),
(2, 'E17'),
(2, 'E18'),
(2, 'F1'),
(2, 'F2'),
(2, 'F3'),
(2, 'F4'),
(2, 'F5'),
(2, 'F6'),
(2, 'F7'),
(2, 'F8'),
(2, 'F9'),
(2, 'F10'),
(2, 'F11'),
(2, 'F12'),
(2, 'F13'),
(2, 'F14'),
(2, 'F15'),
(2, 'F16'),
(2, 'F17'),
(2, 'F18'),
(2, 'G1'),
(2, 'G2'),
(2, 'G3'),
(2, 'G4'),
(2, 'G5'),
(2, 'G6'),
(2, 'G7'),
(2, 'G8'),
(2, 'G9'),
(2, 'G10'),
(2, 'G11'),
(2, 'G12'),
(2, 'G13'),
(2, 'G14'),
(2, 'G15'),
(2, 'G16'),
(2, 'G17'),
(2, 'G18'),
(2, 'H1'),
(2, 'H2'),
(2, 'H3'),
(2, 'H4'),
(2, 'H5'),
(2, 'H6'),
(2, 'H7'),
(2, 'H8'),
(2, 'H9'),
(2, 'H10'),
(2, 'H11'),
(2, 'H12'),
(2, 'H13'),
(2, 'H14'),
(2, 'H15'),
(2, 'H16'),
(2, 'H17'),
(2, 'H18'),
(2, 'I1'),
(2, 'I2'),
(2, 'I3'),
(2, 'I4'),
(2, 'I5'),
(2, 'I6'),
(2, 'I7'),
(2, 'I8'),
(2, 'I9'),
(2, 'I10'),
(2, 'I11'),
(2, 'I12'),
(2, 'I13'),
(2, 'I14'),
(2, 'I15'),
(2, 'I16'),
(2, 'I17'),
(2, 'I18'),
(2, 'J1'),
(2, 'J2'),
(2, 'J3'),
(2, 'J4'),
(2, 'J5'),
(2, 'J6'),
(2, 'J7'),
(2, 'J8'),
(2, 'J9'),
(2, 'J10'),
(2, 'J11'),
(2, 'J12'),
(2, 'J13'),
(2, 'J14'),
(2, 'J15'),
(2, 'J16'),
(2, 'J17'),
(2, 'J18'),
(2, 'K1'),
(2, 'K2'),
(2, 'K3'),
(2, 'K4'),
(2, 'K5'),
(2, 'K6'),
(2, 'K7'),
(2, 'K8'),
(2, 'K9'),
(2, 'K10'),
(2, 'K11'),
(2, 'K12'),
(2, 'K13'),
(2, 'K14'),
(2, 'K15'),
(2, 'K16'),
(2, 'K17'),
(2, 'K18'),
(2, 'L1'),
(2, 'L2'),
(2, 'L3'),
(2, 'L4'),
(2, 'L5'),
(2, 'L6'),
(2, 'L7'),
(2, 'L8'),
(2, 'L9'),
(2, 'L10'),
(2, 'L11'),
(2, 'L12'),
(2, 'L13'),
(2, 'L14'),
(2, 'L15'),
(2, 'L16'),
(2, 'L17'),
(2, 'L18'),
(2, 'M1'),
(2, 'M2'),
(2, 'M3'),
(2, 'M4'),
(2, 'M5'),
(2, 'M6'),
(2, 'M7'),
(2, 'M8'),
(2, 'M9'),
(2, 'M10'),
(2, 'M11'),
(2, 'M12'),
(2, 'M13'),
(2, 'M14'),
(2, 'M15'),
(2, 'M16'),
(2, 'M17'),
(2, 'M18'),
(2, 'N1'),
(2, 'N2'),
(2, 'N3'),
(2, 'N4'),
(2, 'N5'),
(2, 'N6'),
(2, 'N7'),
(2, 'N8'),
(2, 'N9'),
(2, 'N10'),
(2, 'N11'),
(2, 'N12'),
(2, 'N13'),
(2, 'N14'),
(2, 'N15'),
(2, 'N16'),
(2, 'N17'),
(2, 'N18'),
(2, 'R1'),
(2, 'R2'),
(2, 'R3'),
(2, 'R4'),
(2, 'R5'),
(2, 'R6'),
(2, 'R7'),
(2, 'R8');

INSERT INTO Seats (show_id, seat_number) VALUES
(3, 'A1'),
(3, 'A2'),
(3, 'A3'),
(3, 'A4'),
(3, 'A5'),
(3, 'A6'),
(3, 'A7'),
(3, 'A8'),
(3, 'A9'),
(3, 'A10'),
(3, 'A11'),
(3, 'A12'),
(3, 'A13'),
(3, 'A14'),
(3, 'A15'),
(3, 'A16'),
(3, 'A17'),
(3, 'A18'),
(3, 'B1'),
(3, 'B2'),
(3, 'B3'),
(3, 'B4'),
(3, 'B5'),
(3, 'B6'),
(3, 'B7'),
(3, 'B8'),
(3, 'B9'),
(3, 'B10'),
(3, 'B11'),
(3, 'B12'),
(3, 'B13'),
(3, 'B14'),
(3, 'B15'),
(3, 'B16'),
(3, 'B17'),
(3, 'B18'),
(3, 'C1'),
(3, 'C2'),
(3, 'C3'),
(3, 'C4'),
(3, 'C5'),
(3, 'C6'),
(3, 'C7'),
(3, 'C8'),
(3, 'C9'),
(3, 'C10'),
(3, 'C11'),
(3, 'C12'),
(3, 'C13'),
(3, 'C14'),
(3, 'C15'),
(3, 'C16'),
(3, 'C17'),
(3, 'C18'),
(3, 'D1'),
(3, 'D2'),
(3, 'D3'),
(3, 'D4'),
(3, 'D5'),
(3, 'D6'),
(3, 'D7'),
(3, 'D8'),
(3, 'D9'),
(3, 'D10'),
(3, 'D11'),
(3, 'D12'),
(3, 'D13'),
(3, 'D14'),
(3, 'D15'),
(3, 'D16'),
(3, 'D17'),
(3, 'D18'),
(3, 'E1'),
(3, 'E2'),
(3, 'E3'),
(3, 'E4'),
(3, 'E5'),
(3, 'E6'),
(3, 'E7'),
(3, 'E8'),
(3, 'E9'),
(3, 'E10'),
(3, 'E11'),
(3, 'E12'),
(3, 'E13'),
(3, 'E14'),
(3, 'E15'),
(3, 'E16'),
(3, 'E17'),
(3, 'E18'),
(3, 'F1'),
(3, 'F2'),
(3, 'F3'),
(3, 'F4'),
(3, 'F5'),
(3, 'F6'),
(3, 'F7'),
(3, 'F8'),
(3, 'F9'),
(3, 'F10'),
(3, 'F11'),
(3, 'F12'),
(3, 'F13'),
(3, 'F14'),
(3, 'F15'),
(3, 'F16'),
(3, 'F17'),
(3, 'F18'),
(3, 'G1'),
(3, 'G2'),
(3, 'G3'),
(3, 'G4'),
(3, 'G5'),
(3, 'G6'),
(3, 'G7'),
(3, 'G8'),
(3, 'G9'),
(3, 'G10'),
(3, 'G11'),
(3, 'G12'),
(3, 'G13'),
(3, 'G14'),
(3, 'G15'),
(3, 'G16'),
(3, 'G17'),
(3, 'G18'),
(3, 'H1'),
(3, 'H2'),
(3, 'H3'),
(3, 'H4'),
(3, 'H5'),
(3, 'H6'),
(3, 'H7'),
(3, 'H8'),
(3, 'H9'),
(3, 'H10'),
(3, 'H11'),
(3, 'H12'),
(3, 'H13'),
(3, 'H14'),
(3, 'H15'),
(3, 'H16'),
(3, 'H17'),
(3, 'H18'),
(3, 'I1'),
(3, 'I2'),
(3, 'I3'),
(3, 'I4'),
(3, 'I5'),
(3, 'I6'),
(3, 'I7'),
(3, 'I8'),
(3, 'I9'),
(3, 'I10'),
(3, 'I11'),
(3, 'I12'),
(3, 'I13'),
(3, 'I14'),
(3, 'I15'),
(3, 'I16'),
(3, 'I17'),
(3, 'I18'),
(3, 'J1'),
(3, 'J2'),
(3, 'J3'),
(3, 'J4'),
(3, 'J5'),
(3, 'J6'),
(3, 'J7'),
(3, 'J8'),
(3, 'J9'),
(3, 'J10'),
(3, 'J11'),
(3, 'J12'),
(3, 'J13'),
(3, 'J14'),
(3, 'J15'),
(3, 'J16'),
(3, 'J17'),
(3, 'J18'),
(3, 'K1'),
(3, 'K2'),
(3, 'K3'),
(3, 'K4'),
(3, 'K5'),
(3, 'K6'),
(3, 'K7'),
(3, 'K8'),
(3, 'K9'),
(3, 'K10'),
(3, 'K11'),
(3, 'K12'),
(3, 'K13'),
(3, 'K14'),
(3, 'K15'),
(3, 'K16'),
(3, 'K17'),
(3, 'K18'),
(3, 'L1'),
(3, 'L2'),
(3, 'L3'),
(3, 'L4'),
(3, 'L5'),
(3, 'L6'),
(3, 'L7'),
(3, 'L8'),
(3, 'L9'),
(3, 'L10'),
(3, 'L11'),
(3, 'L12'),
(3, 'L13'),
(3, 'L14'),
(3, 'L15'),
(3, 'L16'),
(3, 'L17'),
(3, 'L18'),
(3, 'M1'),
(3, 'M2'),
(3, 'M3'),
(3, 'M4'),
(3, 'M5'),
(3, 'M6'),
(3, 'M7'),
(3, 'M8'),
(3, 'M9'),
(3, 'M10'),
(3, 'M11'),
(3, 'M12'),
(3, 'M13'),
(3, 'M14'),
(3, 'M15'),
(3, 'M16'),
(3, 'M17'),
(3, 'M18'),
(3, 'N1'),
(3, 'N2'),
(3, 'N3'),
(3, 'N4'),
(3, 'N5'),
(3, 'N6'),
(3, 'N7'),
(3, 'N8'),
(3, 'N9'),
(3, 'N10'),
(3, 'N11'),
(3, 'N12'),
(3, 'N13'),
(3, 'N14'),
(3, 'N15'),
(3, 'N16'),
(3, 'N17'),
(3, 'N18'),
(3, 'R1'),
(3, 'R2'),
(3, 'R3'),
(3, 'R4'),
(3, 'R5'),
(3, 'R6'),
(3, 'R7'),
(3, 'R8');

INSERT INTO Seats (show_id, seat_number) VALUES
(4, 'A1'),
(4, 'A2'),
(4, 'A3'),
(4, 'A4'),
(4, 'A5'),
(4, 'A6'),
(4, 'A7'),
(4, 'A8'),
(4, 'A9'),
(4, 'A10'),
(4, 'A11'),
(4, 'A12'),
(4, 'A13'),
(4, 'A14'),
(4, 'A15'),
(4, 'A16'),
(4, 'A17'),
(4, 'A18'),
(4, 'B1'),
(4, 'B2'),
(4, 'B3'),
(4, 'B4'),
(4, 'B5'),
(4, 'B6'),
(4, 'B7'),
(4, 'B8'),
(4, 'B9'),
(4, 'B10'),
(4, 'B11'),
(4, 'B12'),
(4, 'B13'),
(4, 'B14'),
(4, 'B15'),
(4, 'B16'),
(4, 'B17'),
(4, 'B18'),
(4, 'C1'),
(4, 'C2'),
(4, 'C3'),
(4, 'C4'),
(4, 'C5'),
(4, 'C6'),
(4, 'C7'),
(4, 'C8'),
(4, 'C9'),
(4, 'C10'),
(4, 'C11'),
(4, 'C12'),
(4, 'C13'),
(4, 'C14'),
(4, 'C15'),
(4, 'C16'),
(4, 'C17'),
(4, 'C18'),
(4, 'D1'),
(4, 'D2'),
(4, 'D3'),
(4, 'D4'),
(4, 'D5'),
(4, 'D6'),
(4, 'D7'),
(4, 'D8'),
(4, 'D9'),
(4, 'D10'),
(4, 'D11'),
(4, 'D12'),
(4, 'D13'),
(4, 'D14'),
(4, 'D15'),
(4, 'D16'),
(4, 'D17'),
(4, 'D18'),
(4, 'E1'),
(4, 'E2'),
(4, 'E3'),
(4, 'E4'),
(4, 'E5'),
(4, 'E6'),
(4, 'E7'),
(4, 'E8'),
(4, 'E9'),
(4, 'E10'),
(4, 'E11'),
(4, 'E12'),
(4, 'E13'),
(4, 'E14'),
(4, 'E15'),
(4, 'E16'),
(4, 'E17'),
(4, 'E18'),
(4, 'F1'),
(4, 'F2'),
(4, 'F3'),
(4, 'F4'),
(4, 'F5'),
(4, 'F6'),
(4, 'F7'),
(4, 'F8'),
(4, 'F9'),
(4, 'F10'),
(4, 'F11'),
(4, 'F12'),
(4, 'F13'),
(4, 'F14'),
(4, 'F15'),
(4, 'F16'),
(4, 'F17'),
(4, 'F18'),
(4, 'G1'),
(4, 'G2'),
(4, 'G3'),
(4, 'G4'),
(4, 'G5'),
(4, 'G6'),
(4, 'G7'),
(4, 'G8'),
(4, 'G9'),
(4, 'G10'),
(4, 'G11'),
(4, 'G12'),
(4, 'G13'),
(4, 'G14'),
(4, 'G15'),
(4, 'G16'),
(4, 'G17'),
(4, 'G18'),
(4, 'H1'),
(4, 'H2'),
(4, 'H3'),
(4, 'H4'),
(4, 'H5'),
(4, 'H6'),
(4, 'H7'),
(4, 'H8'),
(4, 'H9'),
(4, 'H10'),
(4, 'H11'),
(4, 'H12'),
(4, 'H13'),
(4, 'H14'),
(4, 'H15'),
(4, 'H16'),
(4, 'H17'),
(4, 'H18'),
(4, 'I1'),
(4, 'I2'),
(4, 'I3'),
(4, 'I4'),
(4, 'I5'),
(4, 'I6'),
(4, 'I7'),
(4, 'I8'),
(4, 'I9'),
(4, 'I10'),
(4, 'I11'),
(4, 'I12'),
(4, 'I13'),
(4, 'I14'),
(4, 'I15'),
(4, 'I16'),
(4, 'I17'),
(4, 'I18'),
(4, 'J1'),
(4, 'J2'),
(4, 'J3'),
(4, 'J4'),
(4, 'J5'),
(4, 'J6'),
(4, 'J7'),
(4, 'J8'),
(4, 'J9'),
(4, 'J10'),
(4, 'J11'),
(4, 'J12'),
(4, 'J13'),
(4, 'J14'),
(4, 'J15'),
(4, 'J16'),
(4, 'J17'),
(4, 'J18'),
(4, 'K1'),
(4, 'K2'),
(4, 'K3'),
(4, 'K4'),
(4, 'K5'),
(4, 'K6'),
(4, 'K7'),
(4, 'K8'),
(4, 'K9'),
(4, 'K10'),
(4, 'K11'),
(4, 'K12'),
(4, 'K13'),
(4, 'K14'),
(4, 'K15'),
(4, 'K16'),
(4, 'K17'),
(4, 'K18'),
(4, 'L1'),
(4, 'L2'),
(4, 'L3'),
(4, 'L4'),
(4, 'L5'),
(4, 'L6'),
(4, 'L7'),
(4, 'L8'),
(4, 'L9'),
(4, 'L10'),
(4, 'L11'),
(4, 'L12'),
(4, 'L13'),
(4, 'L14'),
(4, 'L15'),
(4, 'L16'),
(4, 'L17'),
(4, 'L18'),
(4, 'M1'),
(4, 'M2'),
(4, 'M3'),
(4, 'M4'),
(4, 'M5'),
(4, 'M6'),
(4, 'M7'),
(4, 'M8'),
(4, 'M9'),
(4, 'M10'),
(4, 'M11'),
(4, 'M12'),
(4, 'M13'),
(4, 'M14'),
(4, 'M15'),
(4, 'M16'),
(4, 'M17'),
(4, 'M18'),
(4, 'N1'),
(4, 'N2'),
(4, 'N3'),
(4, 'N4'),
(4, 'N5'),
(4, 'N6'),
(4, 'N7'),
(4, 'N8'),
(4, 'N9'),
(4, 'N10'),
(4, 'N11'),
(4, 'N12'),
(4, 'N13'),
(4, 'N14'),
(4, 'N15'),
(4, 'N16'),
(4, 'N17'),
(4, 'N18'),
(4, 'R1'),
(4, 'R2'),
(4, 'R3'),
(4, 'R4'),
(4, 'R5'),
(4, 'R6'),
(4, 'R7'),
(4, 'R8');

INSERT INTO Seats (show_id, seat_number) VALUES
(5, 'A1'),
(5, 'A2'),
(5, 'A3'),
(5, 'A4'),
(5, 'A5'),
(5, 'A6'),
(5, 'A7'),
(5, 'A8'),
(5, 'A9'),
(5, 'A10'),
(5, 'A11'),
(5, 'A12'),
(5, 'A13'),
(5, 'A14'),
(5, 'A15'),
(5, 'A16'),
(5, 'A17'),
(5, 'A18'),
(5, 'B1'),
(5, 'B2'),
(5, 'B3'),
(5, 'B4'),
(5, 'B5'),
(5, 'B6'),
(5, 'B7'),
(5, 'B8'),
(5, 'B9'),
(5, 'B10'),
(5, 'B11'),
(5, 'B12'),
(5, 'B13'),
(5, 'B14'),
(5, 'B15'),
(5, 'B16'),
(5, 'B17'),
(5, 'B18'),
(5, 'C1'),
(5, 'C2'),
(5, 'C3'),
(5, 'C4'),
(5, 'C5'),
(5, 'C6'),
(5, 'C7'),
(5, 'C8'),
(5, 'C9'),
(5, 'C10'),
(5, 'C11'),
(5, 'C12'),
(5, 'C13'),
(5, 'C14'),
(5, 'C15'),
(5, 'C16'),
(5, 'C17'),
(5, 'C18'),
(5, 'D1'),
(5, 'D2'),
(5, 'D3'),
(5, 'D4'),
(5, 'D5'),
(5, 'D6'),
(5, 'D7'),
(5, 'D8'),
(5, 'D9'),
(5, 'D10'),
(5, 'D11'),
(5, 'D12'),
(5, 'D13'),
(5, 'D14'),
(5, 'D15'),
(5, 'D16'),
(5, 'D17'),
(5, 'D18'),
(5, 'E1'),
(5, 'E2'),
(5, 'E3'),
(5, 'E4'),
(5, 'E5'),
(5, 'E6'),
(5, 'E7'),
(5, 'E8'),
(5, 'E9'),
(5, 'E10'),
(5, 'E11'),
(5, 'E12'),
(5, 'E13'),
(5, 'E14'),
(5, 'E15'),
(5, 'E16'),
(5, 'E17'),
(5, 'E18'),
(5, 'F1'),
(5, 'F2'),
(5, 'F3'),
(5, 'F4'),
(5, 'F5'),
(5, 'F6'),
(5, 'F7'),
(5, 'F8'),
(5, 'F9'),
(5, 'F10'),
(5, 'F11'),
(5, 'F12'),
(5, 'F13'),
(5, 'F14'),
(5, 'F15'),
(5, 'F16'),
(5, 'F17'),
(5, 'F18'),
(5, 'G1'),
(5, 'G2'),
(5, 'G3'),
(5, 'G4'),
(5, 'G5'),
(5, 'G6'),
(5, 'G7'),
(5, 'G8'),
(5, 'G9'),
(5, 'G10'),
(5, 'G11'),
(5, 'G12'),
(5, 'G13'),
(5, 'G14'),
(5, 'G15'),
(5, 'G16'),
(5, 'G17'),
(5, 'G18'),
(5, 'H1'),
(5, 'H2'),
(5, 'H3'),
(5, 'H4'),
(5, 'H5'),
(5, 'H6'),
(5, 'H7'),
(5, 'H8'),
(5, 'H9'),
(5, 'H10'),
(5, 'H11'),
(5, 'H12'),
(5, 'H13'),
(5, 'H14'),
(5, 'H15'),
(5, 'H16'),
(5, 'H17'),
(5, 'H18'),
(5, 'I1'),
(5, 'I2'),
(5, 'I3'),
(5, 'I4'),
(5, 'I5'),
(5, 'I6'),
(5, 'I7'),
(5, 'I8'),
(5, 'I9'),
(5, 'I10'),
(5, 'I11'),
(5, 'I12'),
(5, 'I13'),
(5, 'I14'),
(5, 'I15'),
(5, 'I16'),
(5, 'I17'),
(5, 'I18'),
(5, 'J1'),
(5, 'J2'),
(5, 'J3'),
(5, 'J4'),
(5, 'J5'),
(5, 'J6'),
(5, 'J7'),
(5, 'J8'),
(5, 'J9'),
(5, 'J10'),
(5, 'J11'),
(5, 'J12'),
(5, 'J13'),
(5, 'J14'),
(5, 'J15'),
(5, 'J16'),
(5, 'J17'),
(5, 'J18'),
(5, 'K1'),
(5, 'K2'),
(5, 'K3'),
(5, 'K4'),
(5, 'K5'),
(5, 'K6'),
(5, 'K7'),
(5, 'K8'),
(5, 'K9'),
(5, 'K10'),
(5, 'K11'),
(5, 'K12'),
(5, 'K13'),
(5, 'K14'),
(5, 'K15'),
(5, 'K16'),
(5, 'K17'),
(5, 'K18'),
(5, 'L1'),
(5, 'L2'),
(5, 'L3'),
(5, 'L4'),
(5, 'L5'),
(5, 'L6'),
(5, 'L7'),
(5, 'L8'),
(5, 'L9'),
(5, 'L10'),
(5, 'L11'),
(5, 'L12'),
(5, 'L13'),
(5, 'L14'),
(5, 'L15'),
(5, 'L16'),
(5, 'L17'),
(5, 'L18'),
(5, 'M1'),
(5, 'M2'),
(5, 'M3'),
(5, 'M4'),
(5, 'M5'),
(5, 'M6'),
(5, 'M7'),
(5, 'M8'),
(5, 'M9'),
(5, 'M10'),
(5, 'M11'),
(5, 'M12'),
(5, 'M13'),
(5, 'M14'),
(5, 'M15'),
(5, 'M16'),
(5, 'M17'),
(5, 'M18'),
(5, 'N1'),
(5, 'N2'),
(5, 'N3'),
(5, 'N4'),
(5, 'N5'),
(5, 'N6'),
(5, 'N7'),
(5, 'N8'),
(5, 'N9'),
(5, 'N10'),
(5, 'N11'),
(5, 'N12'),
(5, 'N13'),
(5, 'N14'),
(5, 'N15'),
(5, 'N16'),
(5, 'N17'),
(5, 'N18'),
(5, 'R1'),
(5, 'R2'),
(5, 'R3'),
(5, 'R4'),
(5, 'R5'),
(5, 'R6'),
(5, 'R7'),
(5, 'R8');

INSERT INTO Seats (show_id, seat_number) VALUES
(6, 'A1'),
(6, 'A2'),
(6, 'A3'),
(6, 'A4'),
(6, 'A5'),
(6, 'A6'),
(6, 'A7'),
(6, 'A8'),
(6, 'A9'),
(6, 'A10'),
(6, 'A11'),
(6, 'A12'),
(6, 'A13'),
(6, 'A14'),
(6, 'A15'),
(6, 'A16'),
(6, 'A17'),
(6, 'A18'),
(6, 'B1'),
(6, 'B2'),
(6, 'B3'),
(6, 'B4'),
(6, 'B5'),
(6, 'B6'),
(6, 'B7'),
(6, 'B8'),
(6, 'B9'),
(6, 'B10'),
(6, 'B11'),
(6, 'B12'),
(6, 'B13'),
(6, 'B14'),
(6, 'B15'),
(6, 'B16'),
(6, 'B17'),
(6, 'B18'),
(6, 'C1'),
(6, 'C2'),
(6, 'C3'),
(6, 'C4'),
(6, 'C5'),
(6, 'C6'),
(6, 'C7'),
(6, 'C8'),
(6, 'C9'),
(6, 'C10'),
(6, 'C11'),
(6, 'C12'),
(6, 'C13'),
(6, 'C14'),
(6, 'C15'),
(6, 'C16'),
(6, 'C17'),
(6, 'C18'),
(6, 'D1'),
(6, 'D2'),
(6, 'D3'),
(6, 'D4'),
(6, 'D5'),
(6, 'D6'),
(6, 'D7'),
(6, 'D8'),
(6, 'D9'),
(6, 'D10'),
(6, 'D11'),
(6, 'D12'),
(6, 'D13'),
(6, 'D14'),
(6, 'D15'),
(6, 'D16'),
(6, 'D17'),
(6, 'D18'),
(6, 'E1'),
(6, 'E2'),
(6, 'E3'),
(6, 'E4'),
(6, 'E5'),
(6, 'E6'),
(6, 'E7'),
(6, 'E8'),
(6, 'E9'),
(6, 'E10'),
(6, 'E11'),
(6, 'E12'),
(6, 'E13'),
(6, 'E14'),
(6, 'E15'),
(6, 'E16'),
(6, 'E17'),
(6, 'E18'),
(6, 'F1'),
(6, 'F2'),
(6, 'F3'),
(6, 'F4'),
(6, 'F5'),
(6, 'F6'),
(6, 'F7'),
(6, 'F8'),
(6, 'F9'),
(6, 'F10'),
(6, 'F11'),
(6, 'F12'),
(6, 'F13'),
(6, 'F14'),
(6, 'F15'),
(6, 'F16'),
(6, 'F17'),
(6, 'F18'),
(6, 'G1'),
(6, 'G2'),
(6, 'G3'),
(6, 'G4'),
(6, 'G5'),
(6, 'G6'),
(6, 'G7'),
(6, 'G8'),
(6, 'G9'),
(6, 'G10'),
(6, 'G11'),
(6, 'G12'),
(6, 'G13'),
(6, 'G14'),
(6, 'G15'),
(6, 'G16'),
(6, 'G17'),
(6, 'G18'),
(6, 'H1'),
(6, 'H2'),
(6, 'H3'),
(6, 'H4'),
(6, 'H5'),
(6, 'H6'),
(6, 'H7'),
(6, 'H8'),
(6, 'H9'),
(6, 'H10'),
(6, 'H11'),
(6, 'H12'),
(6, 'H13'),
(6, 'H14'),
(6, 'H15'),
(6, 'H16'),
(6, 'H17'),
(6, 'H18'),
(6, 'I1'),
(6, 'I2'),
(6, 'I3'),
(6, 'I4'),
(6, 'I5'),
(6, 'I6'),
(6, 'I7'),
(6, 'I8'),
(6, 'I9'),
(6, 'I10'),
(6, 'I11'),
(6, 'I12'),
(6, 'I13'),
(6, 'I14'),
(6, 'I15'),
(6, 'I16'),
(6, 'I17'),
(6, 'I18'),
(6, 'J1'),
(6, 'J2'),
(6, 'J3'),
(6, 'J4'),
(6, 'J5'),
(6, 'J6'),
(6, 'J7'),
(6, 'J8'),
(6, 'J9'),
(6, 'J10'),
(6, 'J11'),
(6, 'J12'),
(6, 'J13'),
(6, 'J14'),
(6, 'J15'),
(6, 'J16'),
(6, 'J17'),
(6, 'J18'),
(6, 'K1'),
(6, 'K2'),
(6, 'K3'),
(6, 'K4'),
(6, 'K5'),
(6, 'K6'),
(6, 'K7'),
(6, 'K8'),
(6, 'K9'),
(6, 'K10'),
(6, 'K11'),
(6, 'K12'),
(6, 'K13'),
(6, 'K14'),
(6, 'K15'),
(6, 'K16'),
(6, 'K17'),
(6, 'K18'),
(6, 'L1'),
(6, 'L2'),
(6, 'L3'),
(6, 'L4'),
(6, 'L5'),
(6, 'L6'),
(6, 'L7'),
(6, 'L8'),
(6, 'L9'),
(6, 'L10'),
(6, 'L11'),
(6, 'L12'),
(6, 'L13'),
(6, 'L14'),
(6, 'L15'),
(6, 'L16'),
(6, 'L17'),
(6, 'L18'),
(6, 'M1'),
(6, 'M2'),
(6, 'M3'),
(6, 'M4'),
(6, 'M5'),
(6, 'M6'),
(6, 'M7'),
(6, 'M8'),
(6, 'M9'),
(6, 'M10'),
(6, 'M11'),
(6, 'M12'),
(6, 'M13'),
(6, 'M14'),
(6, 'M15'),
(6, 'M16'),
(6, 'M17'),
(6, 'M18'),
(6, 'N1'),
(6, 'N2'),
(6, 'N3'),
(6, 'N4'),
(6, 'N5'),
(6, 'N6'),
(6, 'N7'),
(6, 'N8'),
(6, 'N9'),
(6, 'N10'),
(6, 'N11'),
(6, 'N12'),
(6, 'N13'),
(6, 'N14'),
(6, 'N15'),
(6, 'N16'),
(6, 'N17'),
(6, 'N18'),
(6, 'R1'),
(6, 'R2'),
(6, 'R3'),
(6, 'R4'),
(6, 'R5'),
(6, 'R6'),
(6, 'R7'),
(6, 'R8');

INSERT INTO Seats (show_id, seat_number) VALUES
(7, 'A1'),
(7, 'A2'),
(7, 'A3'),
(7, 'A4'),
(7, 'A5'),
(7, 'A6'),
(7, 'A7'),
(7, 'A8'),
(7, 'A9'),
(7, 'A10'),
(7, 'A11'),
(7, 'A12'),
(7, 'A13'),
(7, 'A14'),
(7, 'A15'),
(7, 'A16'),
(7, 'A17'),
(7, 'A18'),
(7, 'B1'),
(7, 'B2'),
(7, 'B3'),
(7, 'B4'),
(7, 'B5'),
(7, 'B6'),
(7, 'B7'),
(7, 'B8'),
(7, 'B9'),
(7, 'B10'),
(7, 'B11'),
(7, 'B12'),
(7, 'B13'),
(7, 'B14'),
(7, 'B15'),
(7, 'B16'),
(7, 'B17'),
(7, 'B18'),
(7, 'C1'),
(7, 'C2'),
(7, 'C3'),
(7, 'C4'),
(7, 'C5'),
(7, 'C6'),
(7, 'C7'),
(7, 'C8'),
(7, 'C9'),
(7, 'C10'),
(7, 'C11'),
(7, 'C12'),
(7, 'C13'),
(7, 'C14'),
(7, 'C15'),
(7, 'C16'),
(7, 'C17'),
(7, 'C18'),
(7, 'D1'),
(7, 'D2'),
(7, 'D3'),
(7, 'D4'),
(7, 'D5'),
(7, 'D6'),
(7, 'D7'),
(7, 'D8'),
(7, 'D9'),
(7, 'D10'),
(7, 'D11'),
(7, 'D12'),
(7, 'D13'),
(7, 'D14'),
(7, 'D15'),
(7, 'D16'),
(7, 'D17'),
(7, 'D18'),
(7, 'E1'),
(7, 'E2'),
(7, 'E3'),
(7, 'E4'),
(7, 'E5'),
(7, 'E6'),
(7, 'E7'),
(7, 'E8'),
(7, 'E9'),
(7, 'E10'),
(7, 'E11'),
(7, 'E12'),
(7, 'E13'),
(7, 'E14'),
(7, 'E15'),
(7, 'E16'),
(7, 'E17'),
(7, 'E18'),
(7, 'F1'),
(7, 'F2'),
(7, 'F3'),
(7, 'F4'),
(7, 'F5'),
(7, 'F6'),
(7, 'F7'),
(7, 'F8'),
(7, 'F9'),
(7, 'F10'),
(7, 'F11'),
(7, 'F12'),
(7, 'F13'),
(7, 'F14'),
(7, 'F15'),
(7, 'F16'),
(7, 'F17'),
(7, 'F18'),
(7, 'G1'),
(7, 'G2'),
(7, 'G3'),
(7, 'G4'),
(7, 'G5'),
(7, 'G6'),
(7, 'G7'),
(7, 'G8'),
(7, 'G9'),
(7, 'G10'),
(7, 'G11'),
(7, 'G12'),
(7, 'G13'),
(7, 'G14'),
(7, 'G15'),
(7, 'G16'),
(7, 'G17'),
(7, 'G18'),
(7, 'H1'),
(7, 'H2'),
(7, 'H3'),
(7, 'H4'),
(7, 'H5'),
(7, 'H6'),
(7, 'H7'),
(7, 'H8'),
(7, 'H9'),
(7, 'H10'),
(7, 'H11'),
(7, 'H12'),
(7, 'H13'),
(7, 'H14'),
(7, 'H15'),
(7, 'H16'),
(7, 'H17'),
(7, 'H18'),
(7, 'I1'),
(7, 'I2'),
(7, 'I3'),
(7, 'I4'),
(7, 'I5'),
(7, 'I6'),
(7, 'I7'),
(7, 'I8'),
(7, 'I9'),
(7, 'I10'),
(7, 'I11'),
(7, 'I12'),
(7, 'I13'),
(7, 'I14'),
(7, 'I15'),
(7, 'I16'),
(7, 'I17'),
(7, 'I18'),
(7, 'J1'),
(7, 'J2'),
(7, 'J3'),
(7, 'J4'),
(7, 'J5'),
(7, 'J6'),
(7, 'J7'),
(7, 'J8'),
(7, 'J9'),
(7, 'J10'),
(7, 'J11'),
(7, 'J12'),
(7, 'J13'),
(7, 'J14'),
(7, 'J15'),
(7, 'J16'),
(7, 'J17'),
(7, 'J18'),
(7, 'K1'),
(7, 'K2'),
(7, 'K3'),
(7, 'K4'),
(7, 'K5'),
(7, 'K6'),
(7, 'K7'),
(7, 'K8'),
(7, 'K9'),
(7, 'K10'),
(7, 'K11'),
(7, 'K12'),
(7, 'K13'),
(7, 'K14'),
(7, 'K15'),
(7, 'K16'),
(7, 'K17'),
(7, 'K18'),
(7, 'L1'),
(7, 'L2'),
(7, 'L3'),
(7, 'L4'),
(7, 'L5'),
(7, 'L6'),
(7, 'L7'),
(7, 'L8'),
(7, 'L9'),
(7, 'L10'),
(7, 'L11'),
(7, 'L12'),
(7, 'L13'),
(7, 'L14'),
(7, 'L15'),
(7, 'L16'),
(7, 'L17'),
(7, 'L18'),
(7, 'M1'),
(7, 'M2'),
(7, 'M3'),
(7, 'M4'),
(7, 'M5'),
(7, 'M6'),
(7, 'M7'),
(7, 'M8'),
(7, 'M9'),
(7, 'M10'),
(7, 'M11'),
(7, 'M12'),
(7, 'M13'),
(7, 'M14'),
(7, 'M15'),
(7, 'M16'),
(7, 'M17'),
(7, 'M18'),
(7, 'N1'),
(7, 'N2'),
(7, 'N3'),
(7, 'N4'),
(7, 'N5'),
(7, 'N6'),
(7, 'N7'),
(7, 'N8'),
(7, 'N9'),
(7, 'N10'),
(7, 'N11'),
(7, 'N12'),
(7, 'N13'),
(7, 'N14'),
(7, 'N15'),
(7, 'N16'),
(7, 'N17'),
(7, 'N18'),
(7, 'R1'),
(7, 'R2'),
(7, 'R3'),
(7, 'R4'),
(7, 'R5'),
(7, 'R6'),
(7, 'R7'),
(7, 'R8');

INSERT INTO Seats (show_id, seat_number) VALUES
(8, 'A1'),
(8, 'A2'),
(8, 'A3'),
(8, 'A4'),
(8, 'A5'),
(8, 'A6'),
(8, 'A7'),
(8, 'A8'),
(8, 'A9'),
(8, 'A10'),
(8, 'A11'),
(8, 'A12'),
(8, 'A13'),
(8, 'A14'),
(8, 'A15'),
(8, 'A16'),
(8, 'A17'),
(8, 'A18'),
(8, 'A19'),
(8, 'A20'),
(8, 'A21'),
(8, 'A22'),
(8, 'A23'),
(8, 'A24'),
(8, 'A25'),
(8, 'A26'),
(8, 'B1'),
(8, 'B2'),
(8, 'B3'),
(8, 'B4'),
(8, 'B5'),
(8, 'B6'),
(8, 'B7'),
(8, 'B8'),
(8, 'B9'),
(8, 'B10'),
(8, 'B11'),
(8, 'B12'),
(8, 'B13'),
(8, 'B14'),
(8, 'B15'),
(8, 'B16'),
(8, 'B17'),
(8, 'B18'),
(8, 'B19'),
(8, 'B20'),
(8, 'B21'),
(8, 'B22'),
(8, 'B23'),
(8, 'B24'),
(8, 'B25'),
(8, 'B26'),
(8, 'C1'),
(8, 'C2'),
(8, 'C3'),
(8, 'C4'),
(8, 'C5'),
(8, 'C6'),
(8, 'C7'),
(8, 'C8'),
(8, 'C9'),
(8, 'C10'),
(8, 'C11'),
(8, 'C12'),
(8, 'C13'),
(8, 'C14'),
(8, 'C15'),
(8, 'C16'),
(8, 'C17'),
(8, 'C18'),
(8, 'C19'),
(8, 'C20'),
(8, 'C21'),
(8, 'C22'),
(8, 'C23'),
(8, 'C24'),
(8, 'C25'),
(8, 'C26'),
(8, 'D1'),
(8, 'D2'),
(8, 'D3'),
(8, 'D4'),
(8, 'D5'),
(8, 'D6'),
(8, 'D7'),
(8, 'D8'),
(8, 'D9'),
(8, 'D10'),
(8, 'D11'),
(8, 'D12'),
(8, 'D13'),
(8, 'D14'),
(8, 'D15'),
(8, 'D16'),
(8, 'D17'),
(8, 'D18'),
(8, 'D19'),
(8, 'D20'),
(8, 'D21'),
(8, 'D22'),
(8, 'D23'),
(8, 'D24'),
(8, 'D25'),
(8, 'D26'),
(8, 'E1'),
(8, 'E2'),
(8, 'E3'),
(8, 'E4'),
(8, 'E5'),
(8, 'E6'),
(8, 'E7'),
(8, 'E8'),
(8, 'E9'),
(8, 'E10'),
(8, 'E11'),
(8, 'E12'),
(8, 'E13'),
(8, 'E14'),
(8, 'E15'),
(8, 'E16'),
(8, 'E17'),
(8, 'E18'),
(8, 'E19'),
(8, 'E20'),
(8, 'E21'),
(8, 'E22'),
(8, 'E23'),
(8, 'E24'),
(8, 'E25'),
(8, 'E26'),
(8, 'F1'),
(8, 'F2'),
(8, 'F3'),
(8, 'F4'),
(8, 'F5'),
(8, 'F6'),
(8, 'F7'),
(8, 'F8'),
(8, 'F9'),
(8, 'F10'),
(8, 'F11'),
(8, 'F12'),
(8, 'F13'),
(8, 'F14'),
(8, 'F15'),
(8, 'F16'),
(8, 'F17'),
(8, 'F18'),
(8, 'F19'),
(8, 'F20'),
(8, 'F21'),
(8, 'F22'),
(8, 'F23'),
(8, 'F24'),
(8, 'F25'),
(8, 'F26'),
(8, 'G1'),
(8, 'G2'),
(8, 'G3'),
(8, 'G4'),
(8, 'G5'),
(8, 'G6'),
(8, 'G7'),
(8, 'G8'),
(8, 'G9'),
(8, 'G10'),
(8, 'G11'),
(8, 'G12'),
(8, 'G13'),
(8, 'G14'),
(8, 'G15'),
(8, 'G16'),
(8, 'G17'),
(8, 'G18'),
(8, 'G19'),
(8, 'G20'),
(8, 'G21'),
(8, 'G22'),
(8, 'G23'),
(8, 'G24'),
(8, 'G25'),
(8, 'G26'),
(8, 'H1'),
(8, 'H2'),
(8, 'H3'),
(8, 'H4'),
(8, 'H5'),
(8, 'H6'),
(8, 'H7'),
(8, 'H8'),
(8, 'H9'),
(8, 'H10'),
(8, 'H11'),
(8, 'H12'),
(8, 'H13'),
(8, 'H14'),
(8, 'H15'),
(8, 'H16'),
(8, 'H17'),
(8, 'H18'),
(8, 'H19'),
(8, 'H20'),
(8, 'H21'),
(8, 'H22'),
(8, 'H23'),
(8, 'H24'),
(8, 'H25'),
(8, 'H26'),
(8, 'I1'),
(8, 'I2'),
(8, 'I3'),
(8, 'I4'),
(8, 'I5'),
(8, 'I6'),
(8, 'I7'),
(8, 'I8'),
(8, 'I9'),
(8, 'I10'),
(8, 'I11'),
(8, 'I12'),
(8, 'I13'),
(8, 'I14'),
(8, 'I15'),
(8, 'I16'),
(8, 'I17'),
(8, 'I18'),
(8, 'I19'),
(8, 'I20'),
(8, 'I21'),
(8, 'I22'),
(8, 'I23'),
(8, 'I24'),
(8, 'I25'),
(8, 'I26'),
(8, 'J1'),
(8, 'J2'),
(8, 'J3'),
(8, 'J4'),
(8, 'J5'),
(8, 'J6'),
(8, 'J7'),
(8, 'J8'),
(8, 'J9'),
(8, 'J10'),
(8, 'J11'),
(8, 'J12'),
(8, 'J13'),
(8, 'J14'),
(8, 'J15'),
(8, 'J16'),
(8, 'J17'),
(8, 'J18'),
(8, 'J19'),
(8, 'J20'),
(8, 'J21'),
(8, 'J22'),
(8, 'J23'),
(8, 'J24'),
(8, 'J25'),
(8, 'J26'),
(8, 'K1'),
(8, 'K2'),
(8, 'K3'),
(8, 'K4'),
(8, 'K5'),
(8, 'K6'),
(8, 'K7'),
(8, 'K8'),
(8, 'K9'),
(8, 'K10'),
(8, 'K11'),
(8, 'K12'),
(8, 'K13'),
(8, 'K14'),
(8, 'K15'),
(8, 'K16'),
(8, 'K17'),
(8, 'K18'),
(8, 'K19'),
(8, 'K20'),
(8, 'K21'),
(8, 'K22'),
(8, 'K23'),
(8, 'K24'),
(8, 'K25'),
(8, 'K26'),
(8, 'L1'),
(8, 'L2'),
(8, 'L3'),
(8, 'L4'),
(8, 'L5'),
(8, 'L6'),
(8, 'L7'),
(8, 'L8'),
(8, 'L9'),
(8, 'L10'),
(8, 'L11'),
(8, 'L12'),
(8, 'L13'),
(8, 'L14'),
(8, 'L15'),
(8, 'L16'),
(8, 'L17'),
(8, 'L18'),
(8, 'L19'),
(8, 'L20'),
(8, 'L21'),
(8, 'L22'),
(8, 'L23'),
(8, 'L24'),
(8, 'L25'),
(8, 'L26'),
(8, 'M1'),
(8, 'M2'),
(8, 'M3'),
(8, 'M4'),
(8, 'M5'),
(8, 'M6'),
(8, 'M7'),
(8, 'M8'),
(8, 'M9'),
(8, 'M10'),
(8, 'M11'),
(8, 'M12'),
(8, 'M13'),
(8, 'M14'),
(8, 'M15'),
(8, 'M16'),
(8, 'M17'),
(8, 'M18'),
(8, 'M19'),
(8, 'M20'),
(8, 'M21'),
(8, 'M22'),
(8, 'M23'),
(8, 'M24'),
(8, 'M25'),
(8, 'M26'),
(8, 'N1'),
(8, 'N2'),
(8, 'N3'),
(8, 'N4'),
(8, 'N5'),
(8, 'N6'),
(8, 'N7'),
(8, 'N8'),
(8, 'N9'),
(8, 'N10'),
(8, 'N11'),
(8, 'N12'),
(8, 'N13'),
(8, 'N14'),
(8, 'N15'),
(8, 'N16'),
(8, 'N17'),
(8, 'N18'),
(8, 'N19'),
(8, 'N20'),
(8, 'N21'),
(8, 'N22'),
(8, 'N23'),
(8, 'N24'),
(8, 'N25'),
(8, 'N26'),
(8, 'O1'),
(8, 'O2'),
(8, 'O3'),
(8, 'O4'),
(8, 'O5'),
(8, 'O6'),
(8, 'O7'),
(8, 'O8'),
(8, 'O9'),
(8, 'O10'),
(8, 'O11'),
(8, 'O12'),
(8, 'O13'),
(8, 'O14'),
(8, 'O15'),
(8, 'O16'),
(8, 'O17'),
(8, 'O18'),
(8, 'O19'),
(8, 'O20'),
(8, 'O21'),
(8, 'O22'),
(8, 'O23'),
(8, 'O24'),
(8, 'O25'),
(8, 'O26'),
(8, 'P1'),
(8, 'P2'),
(8, 'P3'),
(8, 'P4'),
(8, 'P5'),
(8, 'P6'),
(8, 'P7'),
(8, 'P8'),
(8, 'P9'),
(8, 'P10'),
(8, 'P11'),
(8, 'P12'),
(8, 'P13'),
(8, 'P14'),
(8, 'P15'),
(8, 'P16'),
(8, 'P17'),
(8, 'P18'),
(8, 'P19'),
(8, 'P20'),
(8, 'P21'),
(8, 'P22'),
(8, 'P23'),
(8, 'P24'),
(8, 'P25'),
(8, 'P26'),
(8, 'Q1'),
(8, 'Q2'),
(8, 'Q3'),
(8, 'Q4'),
(8, 'Q5'),
(8, 'Q6'),
(8, 'Q7'),
(8, 'Q8'),
(8, 'Q9'),
(8, 'Q10'),
(8, 'Q11'),
(8, 'Q12'),
(8, 'Q13'),
(8, 'Q14'),
(8, 'Q15'),
(8, 'Q16'),
(8, 'Q17'),
(8, 'Q18'),
(8, 'Q19'),
(8, 'Q20'),
(8, 'Q21'),
(8, 'Q22'),
(8, 'Q23'),
(8, 'Q24'),
(8, 'Q25'),
(8, 'Q26'),
(8, 'R1'),
(8, 'R2'),
(8, 'R3'),
(8, 'R4'),
(8, 'R5'),
(8, 'R6'),
(8, 'R7'),
(8, 'R8'),
(8, 'R9'),
(8, 'R10'),
(8, 'R11'),
(8, 'R12'),
(8, 'R13'),
(8, 'R14'),
(8, 'R15'),
(8, 'R16'),
(8, 'R17'),
(8, 'R18'),
(8, 'R19'),
(8, 'R20'),
(8, 'R21'),
(8, 'R22'),
(8, 'R23'),
(8, 'R24'),
(8, 'R25'),
(8, 'R26'),
(8, 'S1'),
(8, 'S2'),
(8, 'S3'),
(8, 'S4'),
(8, 'S5'),
(8, 'S6'),
(8, 'S7'),
(8, 'S8'),
(8, 'S9'),
(8, 'S10'),
(8, 'S11'),
(8, 'S12'),
(8, 'S13'),
(8, 'S14'),
(8, 'S15'),
(8, 'S16'),
(8, 'S17'),
(8, 'S18'),
(8, 'S19'),
(8, 'S20'),
(8, 'S21'),
(8, 'S22'),
(8, 'S23'),
(8, 'S24'),
(8, 'S25'),
(8, 'S26'),
(8, 'T1'),
(8, 'T2'),
(8, 'T3'),
(8, 'T4'),
(8, 'T5'),
(8, 'T6');

INSERT INTO Seats (show_id, seat_number) VALUES
(8, 'T7'),
(8, 'T8'),
(8, 'T9'),
(8, 'T10'),
(8, 'T11'),
(8, 'T12'),
(8, 'T13'),
(8, 'T14'),
(8, 'T15'),
(8, 'T16'),
(8, 'T17'),
(8, 'T18'),
(8, 'T19'),
(8, 'T20'),
(8, 'T21'),
(8, 'T22'),
(8, 'T23'),
(8, 'T24'),
(8, 'T25'),
(8, 'T26'),
(8, 'U1'),
(8, 'U2'),
(8, 'U3'),
(8, 'U4'),
(8, 'U5'),
(8, 'U6'),
(8, 'U7'),
(8, 'U8'),
(8, 'U9'),
(8, 'U10'),
(8, 'U11'),
(8, 'U12'),
(8, 'U13'),
(8, 'U14'),
(8, 'U15'),
(8, 'U16'),
(8, 'U17'),
(8, 'U18'),
(8, 'U19'),
(8, 'U20'),
(8, 'U21'),
(8, 'U22'),
(8, 'U23'),
(8, 'U24'),
(8, 'U25'),
(8, 'U26'),
(8, 'V1'),
(8, 'V2'),
(8, 'V3'),
(8, 'V4'),
(8, 'V5'),
(8, 'V6'),
(8, 'V7'),
(8, 'V8'),
(8, 'V9'),
(8, 'V10'),
(8, 'V11'),
(8, 'V12'),
(8, 'V13'),
(8, 'V14'),
(8, 'V15'),
(8, 'V16'),
(8, 'V17'),
(8, 'V18'),
(8, 'V19'),
(8, 'V20'),
(8, 'V21'),
(8, 'V22'),
(8, 'V23'),
(8, 'V24'),
(8, 'V25'),
(8, 'V26'),
(8, 'W1'),
(8, 'W2'),
(8, 'W3'),
(8, 'W4'),
(8, 'W5'),
(8, 'W6'),
(8, 'W7'),
(8, 'W8'),
(8, 'W9'),
(8, 'W10'),
(8, 'W11'),
(8, 'W12'),
(8, 'W13'),
(8, 'W14'),
(8, 'W15'),
(8, 'W16'),
(8, 'W17'),
(8, 'W18'),
(8, 'W19'),
(8, 'W20'),
(8, 'W21'),
(8, 'W22'),
(8, 'W23'),
(8, 'W24'),
(8, 'W25'),
(8, 'W26'),
(8, 'X1'),
(8, 'X2'),
(8, 'X3'),
(8, 'X4'),
(8, 'X5'),
(8, 'X6'),
(8, 'X7'),
(8, 'X8'),
(8, 'X9'),
(8, 'X10'),
(8, 'X11'),
(8, 'X12'),
(8, 'X13'),
(8, 'X14'),
(8, 'X15'),
(8, 'X16'),
(8, 'X17'),
(8, 'X18'),
(8, 'X19'),
(8, 'X20'),
(8, 'X21'),
(8, 'X22'),
(8, 'X23'),
(8, 'X24'),
(8, 'X25'),
(8, 'X26'),
(8, 'Y1'),
(8, 'Y2'),
(8, 'Y3'),
(8, 'Y4'),
(8, 'Y5'),
(8, 'Y6'),
(8, 'Y7'),
(8, 'Y8'),
(8, 'Y9'),
(8, 'Y10'),
(8, 'Y11'),
(8, 'Y12'),
(8, 'Y13'),
(8, 'Y14'),
(8, 'Y15'),
(8, 'Y16'),
(8, 'Y17'),
(8, 'Y18'),
(8, 'Y19'),
(8, 'Y20'),
(8, 'Y21'),
(8, 'Y22'),
(8, 'Y23'),
(8, 'Y24'),
(8, 'Y25'),
(8, 'Y26'),
(8, 'Z1'),
(8, 'Z2'),
(8, 'Z3'),
(8, 'Z4'),
(8, 'Z5'),
(8, 'Z6'),
(8, 'Z7'),
(8, 'Z8'),
(8, 'Z9'),
(8, 'Z10'),
(8, 'Z11'),
(8, 'Z12'),
(8, 'Z13'),
(8, 'Z14'),
(8, 'Z15'),
(8, 'Z16'),
(8, 'Z17'),
(8, 'Z18'),
(8, 'Z19'),
(8, 'Z20'),
(8, 'Z21'),
(8, 'Z22'),
(8, 'Z23'),
(8, 'Z24'),
(8, 'Z25'),
(8, 'Z26'),
(8, 'R1'),
(8, 'R2'),
(8, 'R3'),
(8, 'R4'),
(8, 'R5'),
(8, 'R6'),
(8, 'R7'),
(8, 'R8'),
(8, 'R9'),
(8, 'R10'),
(8, 'R11'),
(8, 'R12'),
(8, 'RR1'),
(8, 'RR2'),
(8, 'RR3'),
(8, 'RR4'),
(8, 'RR5'),
(8, 'RR6'),
(8, 'RR7'),
(8, 'RR8'),
(8, 'RR9'),
(8, 'RR10'),
(8, 'RR11'),
(8, 'RR12');

INSERT INTO Seats (show_id, seat_number) VALUES
(9, 'A1'),
(9, 'A2'),
(9, 'A3'),
(9, 'A4'),
(9, 'A5'),
(9, 'A6'),
(9, 'A7'),
(9, 'A8'),
(9, 'A9'),
(9, 'A10'),
(9, 'A11'),
(9, 'A12'),
(9, 'A13'),
(9, 'A14'),
(9, 'A15'),
(9, 'A16'),
(9, 'A17'),
(9, 'A18'),
(9, 'A19'),
(9, 'A20'),
(9, 'A21'),
(9, 'A22'),
(9, 'A23'),
(9, 'A24'),
(9, 'A25'),
(9, 'A26'),
(9, 'B1'),
(9, 'B2'),
(9, 'B3'),
(9, 'B4'),
(9, 'B5'),
(9, 'B6'),
(9, 'B7'),
(9, 'B8'),
(9, 'B9'),
(9, 'B10'),
(9, 'B11'),
(9, 'B12'),
(9, 'B13'),
(9, 'B14'),
(9, 'B15'),
(9, 'B16'),
(9, 'B17'),
(9, 'B18'),
(9, 'B19'),
(9, 'B20'),
(9, 'B21'),
(9, 'B22'),
(9, 'B23'),
(9, 'B24'),
(9, 'B25'),
(9, 'B26'),
(9, 'C1'),
(9, 'C2'),
(9, 'C3'),
(9, 'C4'),
(9, 'C5'),
(9, 'C6'),
(9, 'C7'),
(9, 'C8'),
(9, 'C9'),
(9, 'C10'),
(9, 'C11'),
(9, 'C12'),
(9, 'C13'),
(9, 'C14'),
(9, 'C15'),
(9, 'C16'),
(9, 'C17'),
(9, 'C18'),
(9, 'C19'),
(9, 'C20'),
(9, 'C21'),
(9, 'C22'),
(9, 'C23'),
(9, 'C24'),
(9, 'C25'),
(9, 'C26'),
(9, 'D1'),
(9, 'D2'),
(9, 'D3'),
(9, 'D4'),
(9, 'D5'),
(9, 'D6'),
(9, 'D7'),
(9, 'D8'),
(9, 'D9'),
(9, 'D10'),
(9, 'D11'),
(9, 'D12'),
(9, 'D13'),
(9, 'D14'),
(9, 'D15'),
(9, 'D16'),
(9, 'D17'),
(9, 'D18'),
(9, 'D19'),
(9, 'D20'),
(9, 'D21'),
(9, 'D22'),
(9, 'D23'),
(9, 'D24'),
(9, 'D25'),
(9, 'D26'),
(9, 'E1'),
(9, 'E2'),
(9, 'E3'),
(9, 'E4'),
(9, 'E5'),
(9, 'E6'),
(9, 'E7'),
(9, 'E8'),
(9, 'E9'),
(9, 'E10'),
(9, 'E11'),
(9, 'E12'),
(9, 'E13'),
(9, 'E14'),
(9, 'E15'),
(9, 'E16'),
(9, 'E17'),
(9, 'E18'),
(9, 'E19'),
(9, 'E20'),
(9, 'E21'),
(9, 'E22'),
(9, 'E23'),
(9, 'E24'),
(9, 'E25'),
(9, 'E26'),
(9, 'F1'),
(9, 'F2'),
(9, 'F3'),
(9, 'F4'),
(9, 'F5'),
(9, 'F6'),
(9, 'F7'),
(9, 'F8'),
(9, 'F9'),
(9, 'F10'),
(9, 'F11'),
(9, 'F12'),
(9, 'F13'),
(9, 'F14'),
(9, 'F15'),
(9, 'F16'),
(9, 'F17'),
(9, 'F18'),
(9, 'F19'),
(9, 'F20'),
(9, 'F21'),
(9, 'F22'),
(9, 'F23'),
(9, 'F24'),
(9, 'F25'),
(9, 'F26'),
(9, 'G1'),
(9, 'G2'),
(9, 'G3'),
(9, 'G4'),
(9, 'G5'),
(9, 'G6'),
(9, 'G7'),
(9, 'G8'),
(9, 'G9'),
(9, 'G10'),
(9, 'G11'),
(9, 'G12'),
(9, 'G13'),
(9, 'G14'),
(9, 'G15'),
(9, 'G16'),
(9, 'G17'),
(9, 'G18'),
(9, 'G19'),
(9, 'G20'),
(9, 'G21'),
(9, 'G22'),
(9, 'G23'),
(9, 'G24'),
(9, 'G25'),
(9, 'G26'),
(9, 'H1'),
(9, 'H2'),
(9, 'H3'),
(9, 'H4'),
(9, 'H5'),
(9, 'H6'),
(9, 'H7'),
(9, 'H8'),
(9, 'H9'),
(9, 'H10'),
(9, 'H11'),
(9, 'H12'),
(9, 'H13'),
(9, 'H14'),
(9, 'H15'),
(9, 'H16'),
(9, 'H17'),
(9, 'H18'),
(9, 'H19'),
(9, 'H20'),
(9, 'H21'),
(9, 'H22'),
(9, 'H23'),
(9, 'H24'),
(9, 'H25'),
(9, 'H26'),
(9, 'I1'),
(9, 'I2'),
(9, 'I3'),
(9, 'I4'),
(9, 'I5'),
(9, 'I6'),
(9, 'I7'),
(9, 'I8'),
(9, 'I9'),
(9, 'I10'),
(9, 'I11'),
(9, 'I12'),
(9, 'I13'),
(9, 'I14'),
(9, 'I15'),
(9, 'I16'),
(9, 'I17'),
(9, 'I18'),
(9, 'I19'),
(9, 'I20'),
(9, 'I21'),
(9, 'I22'),
(9, 'I23'),
(9, 'I24'),
(9, 'I25'),
(9, 'I26'),
(9, 'J1'),
(9, 'J2'),
(9, 'J3'),
(9, 'J4'),
(9, 'J5'),
(9, 'J6'),
(9, 'J7'),
(9, 'J8'),
(9, 'J9'),
(9, 'J10'),
(9, 'J11'),
(9, 'J12'),
(9, 'J13'),
(9, 'J14'),
(9, 'J15'),
(9, 'J16'),
(9, 'J17'),
(9, 'J18'),
(9, 'J19'),
(9, 'J20'),
(9, 'J21'),
(9, 'J22'),
(9, 'J23'),
(9, 'J24'),
(9, 'J25'),
(9, 'J26'),
(9, 'K1'),
(9, 'K2'),
(9, 'K3'),
(9, 'K4'),
(9, 'K5'),
(9, 'K6'),
(9, 'K7'),
(9, 'K8'),
(9, 'K9'),
(9, 'K10'),
(9, 'K11'),
(9, 'K12'),
(9, 'K13'),
(9, 'K14'),
(9, 'K15'),
(9, 'K16'),
(9, 'K17'),
(9, 'K18'),
(9, 'K19'),
(9, 'K20'),
(9, 'K21'),
(9, 'K22'),
(9, 'K23'),
(9, 'K24'),
(9, 'K25'),
(9, 'K26'),
(9, 'L1'),
(9, 'L2'),
(9, 'L3'),
(9, 'L4'),
(9, 'L5'),
(9, 'L6'),
(9, 'L7'),
(9, 'L8'),
(9, 'L9'),
(9, 'L10'),
(9, 'L11'),
(9, 'L12'),
(9, 'L13'),
(9, 'L14'),
(9, 'L15'),
(9, 'L16'),
(9, 'L17'),
(9, 'L18'),
(9, 'L19'),
(9, 'L20'),
(9, 'L21'),
(9, 'L22'),
(9, 'L23'),
(9, 'L24'),
(9, 'L25'),
(9, 'L26'),
(9, 'M1'),
(9, 'M2'),
(9, 'M3'),
(9, 'M4'),
(9, 'M5'),
(9, 'M6'),
(9, 'M7'),
(9, 'M8'),
(9, 'M9'),
(9, 'M10'),
(9, 'M11'),
(9, 'M12'),
(9, 'M13'),
(9, 'M14'),
(9, 'M15'),
(9, 'M16'),
(9, 'M17'),
(9, 'M18'),
(9, 'M19'),
(9, 'M20'),
(9, 'M21'),
(9, 'M22'),
(9, 'M23'),
(9, 'M24'),
(9, 'M25'),
(9, 'M26'),
(9, 'N1'),
(9, 'N2'),
(9, 'N3'),
(9, 'N4'),
(9, 'N5'),
(9, 'N6'),
(9, 'N7'),
(9, 'N8'),
(9, 'N9'),
(9, 'N10'),
(9, 'N11'),
(9, 'N12'),
(9, 'N13'),
(9, 'N14'),
(9, 'N15'),
(9, 'N16'),
(9, 'N17'),
(9, 'N18'),
(9, 'N19'),
(9, 'N20'),
(9, 'N21'),
(9, 'N22'),
(9, 'N23'),
(9, 'N24'),
(9, 'N25'),
(9, 'N26'),
(9, 'O1'),
(9, 'O2'),
(9, 'O3'),
(9, 'O4'),
(9, 'O5'),
(9, 'O6'),
(9, 'O7'),
(9, 'O8'),
(9, 'O9'),
(9, 'O10'),
(9, 'O11'),
(9, 'O12'),
(9, 'O13'),
(9, 'O14'),
(9, 'O15'),
(9, 'O16'),
(9, 'O17'),
(9, 'O18'),
(9, 'O19'),
(9, 'O20'),
(9, 'O21'),
(9, 'O22'),
(9, 'O23'),
(9, 'O24'),
(9, 'O25'),
(9, 'O26'),
(9, 'P1'),
(9, 'P2'),
(9, 'P3'),
(9, 'P4'),
(9, 'P5'),
(9, 'P6'),
(9, 'P7'),
(9, 'P8'),
(9, 'P9'),
(9, 'P10'),
(9, 'P11'),
(9, 'P12'),
(9, 'P13'),
(9, 'P14'),
(9, 'P15'),
(9, 'P16'),
(9, 'P17'),
(9, 'P18'),
(9, 'P19'),
(9, 'P20'),
(9, 'P21'),
(9, 'P22'),
(9, 'P23'),
(9, 'P24'),
(9, 'P25'),
(9, 'P26'),
(9, 'Q1'),
(9, 'Q2'),
(9, 'Q3'),
(9, 'Q4'),
(9, 'Q5'),
(9, 'Q6'),
(9, 'Q7'),
(9, 'Q8'),
(9, 'Q9'),
(9, 'Q10'),
(9, 'Q11'),
(9, 'Q12'),
(9, 'Q13'),
(9, 'Q14'),
(9, 'Q15'),
(9, 'Q16'),
(9, 'Q17'),
(9, 'Q18'),
(9, 'Q19'),
(9, 'Q20'),
(9, 'Q21'),
(9, 'Q22'),
(9, 'Q23'),
(9, 'Q24'),
(9, 'Q25'),
(9, 'Q26'),
(9, 'R1'),
(9, 'R2'),
(9, 'R3'),
(9, 'R4'),
(9, 'R5'),
(9, 'R6'),
(9, 'R7'),
(9, 'R8'),
(9, 'R9'),
(9, 'R10'),
(9, 'R11'),
(9, 'R12'),
(9, 'R13'),
(9, 'R14'),
(9, 'R15'),
(9, 'R16'),
(9, 'R17'),
(9, 'R18'),
(9, 'R19'),
(9, 'R20'),
(9, 'R21'),
(9, 'R22'),
(9, 'R23'),
(9, 'R24'),
(9, 'R25'),
(9, 'R26'),
(9, 'S1'),
(9, 'S2'),
(9, 'S3'),
(9, 'S4'),
(9, 'S5'),
(9, 'S6'),
(9, 'S7'),
(9, 'S8'),
(9, 'S9'),
(9, 'S10'),
(9, 'S11'),
(9, 'S12'),
(9, 'S13'),
(9, 'S14'),
(9, 'S15'),
(9, 'S16'),
(9, 'S17'),
(9, 'S18'),
(9, 'S19'),
(9, 'S20'),
(9, 'S21'),
(9, 'S22'),
(9, 'S23'),
(9, 'S24'),
(9, 'S25'),
(9, 'S26'),
(9, 'T1'),
(9, 'T2'),
(9, 'T3'),
(9, 'T4'),
(9, 'T5'),
(9, 'T6');

INSERT INTO Seats (show_id, seat_number) VALUES
(9, 'T7'),
(9, 'T8'),
(9, 'T9'),
(9, 'T10'),
(9, 'T11'),
(9, 'T12'),
(9, 'T13'),
(9, 'T14'),
(9, 'T15'),
(9, 'T16'),
(9, 'T17'),
(9, 'T18'),
(9, 'T19'),
(9, 'T20'),
(9, 'T21'),
(9, 'T22'),
(9, 'T23'),
(9, 'T24'),
(9, 'T25'),
(9, 'T26'),
(9, 'U1'),
(9, 'U2'),
(9, 'U3'),
(9, 'U4'),
(9, 'U5'),
(9, 'U6'),
(9, 'U7'),
(9, 'U8'),
(9, 'U9'),
(9, 'U10'),
(9, 'U11'),
(9, 'U12'),
(9, 'U13'),
(9, 'U14'),
(9, 'U15'),
(9, 'U16'),
(9, 'U17'),
(9, 'U18'),
(9, 'U19'),
(9, 'U20'),
(9, 'U21'),
(9, 'U22'),
(9, 'U23'),
(9, 'U24'),
(9, 'U25'),
(9, 'U26'),
(9, 'V1'),
(9, 'V2'),
(9, 'V3'),
(9, 'V4'),
(9, 'V5'),
(9, 'V6'),
(9, 'V7'),
(9, 'V8'),
(9, 'V9'),
(9, 'V10'),
(9, 'V11'),
(9, 'V12'),
(9, 'V13'),
(9, 'V14'),
(9, 'V15'),
(9, 'V16'),
(9, 'V17'),
(9, 'V18'),
(9, 'V19'),
(9, 'V20'),
(9, 'V21'),
(9, 'V22'),
(9, 'V23'),
(9, 'V24'),
(9, 'V25'),
(9, 'V26'),
(9, 'W1'),
(9, 'W2'),
(9, 'W3'),
(9, 'W4'),
(9, 'W5'),
(9, 'W6'),
(9, 'W7'),
(9, 'W8'),
(9, 'W9'),
(9, 'W10'),
(9, 'W11'),
(9, 'W12'),
(9, 'W13'),
(9, 'W14'),
(9, 'W15'),
(9, 'W16'),
(9, 'W17'),
(9, 'W18'),
(9, 'W19'),
(9, 'W20'),
(9, 'W21'),
(9, 'W22'),
(9, 'W23'),
(9, 'W24'),
(9, 'W25'),
(9, 'W26'),
(9, 'X1'),
(9, 'X2'),
(9, 'X3'),
(9, 'X4'),
(9, 'X5'),
(9, 'X6'),
(9, 'X7'),
(9, 'X8'),
(9, 'X9'),
(9, 'X10'),
(9, 'X11'),
(9, 'X12'),
(9, 'X13'),
(9, 'X14'),
(9, 'X15'),
(9, 'X16'),
(9, 'X17'),
(9, 'X18'),
(9, 'X19'),
(9, 'X20'),
(9, 'X21'),
(9, 'X22'),
(9, 'X23'),
(9, 'X24'),
(9, 'X25'),
(9, 'X26'),
(9, 'Y1'),
(9, 'Y2'),
(9, 'Y3'),
(9, 'Y4'),
(9, 'Y5'),
(9, 'Y6'),
(9, 'Y7'),
(9, 'Y8'),
(9, 'Y9'),
(9, 'Y10'),
(9, 'Y11'),
(9, 'Y12'),
(9, 'Y13'),
(9, 'Y14'),
(9, 'Y15'),
(9, 'Y16'),
(9, 'Y17'),
(9, 'Y18'),
(9, 'Y19'),
(9, 'Y20'),
(9, 'Y21'),
(9, 'Y22'),
(9, 'Y23'),
(9, 'Y24'),
(9, 'Y25'),
(9, 'Y26'),
(9, 'Z1'),
(9, 'Z2'),
(9, 'Z3'),
(9, 'Z4'),
(9, 'Z5'),
(9, 'Z6'),
(9, 'Z7'),
(9, 'Z8'),
(9, 'Z9'),
(9, 'Z10'),
(9, 'Z11'),
(9, 'Z12'),
(9, 'Z13'),
(9, 'Z14'),
(9, 'Z15'),
(9, 'Z16'),
(9, 'Z17'),
(9, 'Z18'),
(9, 'Z19'),
(9, 'Z20'),
(9, 'Z21'),
(9, 'Z22'),
(9, 'Z23'),
(9, 'Z24'),
(9, 'Z25'),
(9, 'Z26'),
(9, 'R1'),
(9, 'R2'),
(9, 'R3'),
(9, 'R4'),
(9, 'R5'),
(9, 'R6'),
(9, 'R7'),
(9, 'R8'),
(9, 'R9'),
(9, 'R10'),
(9, 'R11'),
(9, 'R12'),
(9, 'RR1'),
(9, 'RR2'),
(9, 'RR3'),
(9, 'RR4'),
(9, 'RR5'),
(9, 'RR6'),
(9, 'RR7'),
(9, 'RR8'),
(9, 'RR9'),
(9, 'RR10'),
(9, 'RR11'),
(9, 'RR12');

INSERT INTO Seats (show_id, seat_number) VALUES
(10, 'A1'),
(10, 'A2'),
(10, 'A3'),
(10, 'A4'),
(10, 'A5'),
(10, 'A6'),
(10, 'A7'),
(10, 'A8'),
(10, 'A9'),
(10, 'A10'),
(10, 'A11'),
(10, 'A12'),
(10, 'A13'),
(10, 'A14'),
(10, 'A15'),
(10, 'A16'),
(10, 'A17'),
(10, 'A18'),
(10, 'B1'),
(10, 'B2'),
(10, 'B3'),
(10, 'B4'),
(10, 'B5'),
(10, 'B6'),
(10, 'B7'),
(10, 'B8'),
(10, 'B9'),
(10, 'B10'),
(10, 'B11'),
(10, 'B12'),
(10, 'B13'),
(10, 'B14'),
(10, 'B15'),
(10, 'B16'),
(10, 'B17'),
(10, 'B18'),
(10, 'C1'),
(10, 'C2'),
(10, 'C3'),
(10, 'C4'),
(10, 'C5'),
(10, 'C6'),
(10, 'C7'),
(10, 'C8'),
(10, 'C9'),
(10, 'C10'),
(10, 'C11'),
(10, 'C12'),
(10, 'C13'),
(10, 'C14'),
(10, 'C15'),
(10, 'C16'),
(10, 'C17'),
(10, 'C18'),
(10, 'D1'),
(10, 'D2'),
(10, 'D3'),
(10, 'D4'),
(10, 'D5'),
(10, 'D6'),
(10, 'D7'),
(10, 'D8'),
(10, 'D9'),
(10, 'D10'),
(10, 'D11'),
(10, 'D12'),
(10, 'D13'),
(10, 'D14'),
(10, 'D15'),
(10, 'D16'),
(10, 'D17'),
(10, 'D18'),
(10, 'E1'),
(10, 'E2'),
(10, 'E3'),
(10, 'E4'),
(10, 'E5'),
(10, 'E6'),
(10, 'E7'),
(10, 'E8'),
(10, 'E9'),
(10, 'E10'),
(10, 'E11'),
(10, 'E12'),
(10, 'E13'),
(10, 'E14'),
(10, 'E15'),
(10, 'E16'),
(10, 'E17'),
(10, 'E18'),
(10, 'F1'),
(10, 'F2'),
(10, 'F3'),
(10, 'F4'),
(10, 'F5'),
(10, 'F6'),
(10, 'F7'),
(10, 'F8'),
(10, 'F9'),
(10, 'F10'),
(10, 'F11'),
(10, 'F12'),
(10, 'F13'),
(10, 'F14'),
(10, 'F15'),
(10, 'F16'),
(10, 'F17'),
(10, 'F18'),
(10, 'G1'),
(10, 'G2'),
(10, 'G3'),
(10, 'G4'),
(10, 'G5'),
(10, 'G6'),
(10, 'G7'),
(10, 'G8'),
(10, 'G9'),
(10, 'G10'),
(10, 'G11'),
(10, 'G12'),
(10, 'G13'),
(10, 'G14'),
(10, 'G15'),
(10, 'G16'),
(10, 'G17'),
(10, 'G18'),
(10, 'H1'),
(10, 'H2'),
(10, 'H3'),
(10, 'H4'),
(10, 'H5'),
(10, 'H6'),
(10, 'H7'),
(10, 'H8'),
(10, 'H9'),
(10, 'H10'),
(10, 'H11'),
(10, 'H12'),
(10, 'H13'),
(10, 'H14'),
(10, 'H15'),
(10, 'H16'),
(10, 'H17'),
(10, 'H18'),
(10, 'I1'),
(10, 'I2'),
(10, 'I3'),
(10, 'I4'),
(10, 'I5'),
(10, 'I6'),
(10, 'I7'),
(10, 'I8'),
(10, 'I9'),
(10, 'I10'),
(10, 'I11'),
(10, 'I12'),
(10, 'I13'),
(10, 'I14'),
(10, 'I15'),
(10, 'I16'),
(10, 'I17'),
(10, 'I18'),
(10, 'J1'),
(10, 'J2'),
(10, 'J3'),
(10, 'J4'),
(10, 'J5'),
(10, 'J6'),
(10, 'J7'),
(10, 'J8'),
(10, 'J9'),
(10, 'J10'),
(10, 'J11'),
(10, 'J12'),
(10, 'J13'),
(10, 'J14'),
(10, 'J15'),
(10, 'J16'),
(10, 'J17'),
(10, 'J18'),
(10, 'K1'),
(10, 'K2'),
(10, 'K3'),
(10, 'K4'),
(10, 'K5'),
(10, 'K6'),
(10, 'K7'),
(10, 'K8'),
(10, 'K9'),
(10, 'K10'),
(10, 'K11'),
(10, 'K12'),
(10, 'K13'),
(10, 'K14'),
(10, 'K15'),
(10, 'K16'),
(10, 'K17'),
(10, 'K18'),
(10, 'L1'),
(10, 'L2'),
(10, 'L3'),
(10, 'L4'),
(10, 'L5'),
(10, 'L6'),
(10, 'L7'),
(10, 'L8'),
(10, 'L9'),
(10, 'L10'),
(10, 'L11'),
(10, 'L12'),
(10, 'L13'),
(10, 'L14'),
(10, 'L15'),
(10, 'L16'),
(10, 'L17'),
(10, 'L18'),
(10, 'M1'),
(10, 'M2'),
(10, 'M3'),
(10, 'M4'),
(10, 'M5'),
(10, 'M6'),
(10, 'M7'),
(10, 'M8'),
(10, 'M9'),
(10, 'M10'),
(10, 'M11'),
(10, 'M12'),
(10, 'M13'),
(10, 'M14'),
(10, 'M15'),
(10, 'M16'),
(10, 'M17'),
(10, 'M18'),
(10, 'N1'),
(10, 'N2'),
(10, 'N3'),
(10, 'N4'),
(10, 'N5'),
(10, 'N6'),
(10, 'N7'),
(10, 'N8'),
(10, 'N9'),
(10, 'N10'),
(10, 'N11'),
(10, 'N12'),
(10, 'N13'),
(10, 'N14'),
(10, 'N15'),
(10, 'N16'),
(10, 'N17'),
(10, 'N18'),
(10, 'R1'),
(10, 'R2'),
(10, 'R3'),
(10, 'R4'),
(10, 'R5'),
(10, 'R6'),
(10, 'R7'),
(10, 'R8');

INSERT INTO Seats (show_id, seat_number) VALUES
(11, 'A1'),
(11, 'A2'),
(11, 'A3'),
(11, 'A4'),
(11, 'A5'),
(11, 'A6'),
(11, 'A7'),
(11, 'A8'),
(11, 'A9'),
(11, 'A10'),
(11, 'A11'),
(11, 'A12'),
(11, 'A13'),
(11, 'A14'),
(11, 'A15'),
(11, 'A16'),
(11, 'A17'),
(11, 'A18'),
(11, 'B1'),
(11, 'B2'),
(11, 'B3'),
(11, 'B4'),
(11, 'B5'),
(11, 'B6'),
(11, 'B7'),
(11, 'B8'),
(11, 'B9'),
(11, 'B10'),
(11, 'B11'),
(11, 'B12'),
(11, 'B13'),
(11, 'B14'),
(11, 'B15'),
(11, 'B16'),
(11, 'B17'),
(11, 'B18'),
(11, 'C1'),
(11, 'C2'),
(11, 'C3'),
(11, 'C4'),
(11, 'C5'),
(11, 'C6'),
(11, 'C7'),
(11, 'C8'),
(11, 'C9'),
(11, 'C10'),
(11, 'C11'),
(11, 'C12'),
(11, 'C13'),
(11, 'C14'),
(11, 'C15'),
(11, 'C16'),
(11, 'C17'),
(11, 'C18'),
(11, 'D1'),
(11, 'D2'),
(11, 'D3'),
(11, 'D4'),
(11, 'D5'),
(11, 'D6'),
(11, 'D7'),
(11, 'D8'),
(11, 'D9'),
(11, 'D10'),
(11, 'D11'),
(11, 'D12'),
(11, 'D13'),
(11, 'D14'),
(11, 'D15'),
(11, 'D16'),
(11, 'D17'),
(11, 'D18'),
(11, 'E1'),
(11, 'E2'),
(11, 'E3'),
(11, 'E4'),
(11, 'E5'),
(11, 'E6'),
(11, 'E7'),
(11, 'E8'),
(11, 'E9'),
(11, 'E10'),
(11, 'E11'),
(11, 'E12'),
(11, 'E13'),
(11, 'E14'),
(11, 'E15'),
(11, 'E16'),
(11, 'E17'),
(11, 'E18'),
(11, 'F1'),
(11, 'F2'),
(11, 'F3'),
(11, 'F4'),
(11, 'F5'),
(11, 'F6'),
(11, 'F7'),
(11, 'F8'),
(11, 'F9'),
(11, 'F10'),
(11, 'F11'),
(11, 'F12'),
(11, 'F13'),
(11, 'F14'),
(11, 'F15'),
(11, 'F16'),
(11, 'F17'),
(11, 'F18'),
(11, 'G1'),
(11, 'G2'),
(11, 'G3'),
(11, 'G4'),
(11, 'G5'),
(11, 'G6'),
(11, 'G7'),
(11, 'G8'),
(11, 'G9'),
(11, 'G10'),
(11, 'G11'),
(11, 'G12'),
(11, 'G13'),
(11, 'G14'),
(11, 'G15'),
(11, 'G16'),
(11, 'G17'),
(11, 'G18'),
(11, 'H1'),
(11, 'H2'),
(11, 'H3'),
(11, 'H4'),
(11, 'H5'),
(11, 'H6'),
(11, 'H7'),
(11, 'H8'),
(11, 'H9'),
(11, 'H10'),
(11, 'H11'),
(11, 'H12'),
(11, 'H13'),
(11, 'H14'),
(11, 'H15'),
(11, 'H16'),
(11, 'H17'),
(11, 'H18'),
(11, 'I1'),
(11, 'I2'),
(11, 'I3'),
(11, 'I4'),
(11, 'I5'),
(11, 'I6'),
(11, 'I7'),
(11, 'I8'),
(11, 'I9'),
(11, 'I10'),
(11, 'I11'),
(11, 'I12'),
(11, 'I13'),
(11, 'I14'),
(11, 'I15'),
(11, 'I16'),
(11, 'I17'),
(11, 'I18'),
(11, 'J1'),
(11, 'J2'),
(11, 'J3'),
(11, 'J4'),
(11, 'J5'),
(11, 'J6'),
(11, 'J7'),
(11, 'J8'),
(11, 'J9'),
(11, 'J10'),
(11, 'J11'),
(11, 'J12'),
(11, 'J13'),
(11, 'J14'),
(11, 'J15'),
(11, 'J16'),
(11, 'J17'),
(11, 'J18'),
(11, 'K1'),
(11, 'K2'),
(11, 'K3'),
(11, 'K4'),
(11, 'K5'),
(11, 'K6'),
(11, 'K7'),
(11, 'K8'),
(11, 'K9'),
(11, 'K10'),
(11, 'K11'),
(11, 'K12'),
(11, 'K13'),
(11, 'K14'),
(11, 'K15'),
(11, 'K16'),
(11, 'K17'),
(11, 'K18'),
(11, 'L1'),
(11, 'L2'),
(11, 'L3'),
(11, 'L4'),
(11, 'L5'),
(11, 'L6'),
(11, 'L7'),
(11, 'L8'),
(11, 'L9'),
(11, 'L10'),
(11, 'L11'),
(11, 'L12'),
(11, 'L13'),
(11, 'L14'),
(11, 'L15'),
(11, 'L16'),
(11, 'L17'),
(11, 'L18'),
(11, 'M1'),
(11, 'M2'),
(11, 'M3'),
(11, 'M4'),
(11, 'M5'),
(11, 'M6'),
(11, 'M7'),
(11, 'M8'),
(11, 'M9'),
(11, 'M10'),
(11, 'M11'),
(11, 'M12'),
(11, 'M13'),
(11, 'M14'),
(11, 'M15'),
(11, 'M16'),
(11, 'M17'),
(11, 'M18'),
(11, 'N1'),
(11, 'N2'),
(11, 'N3'),
(11, 'N4'),
(11, 'N5'),
(11, 'N6'),
(11, 'N7'),
(11, 'N8'),
(11, 'N9'),
(11, 'N10'),
(11, 'N11'),
(11, 'N12'),
(11, 'N13'),
(11, 'N14'),
(11, 'N15'),
(11, 'N16'),
(11, 'N17'),
(11, 'N18'),
(11, 'R1'),
(11, 'R2'),
(11, 'R3'),
(11, 'R4'),
(11, 'R5'),
(11, 'R6'),
(11, 'R7'),
(11, 'R8');

INSERT INTO Seats (show_id, seat_number) VALUES
(12, 'A1'),
(12, 'A2'),
(12, 'A3'),
(12, 'A4'),
(12, 'A5'),
(12, 'A6'),
(12, 'A7'),
(12, 'A8'),
(12, 'A9'),
(12, 'A10'),
(12, 'A11'),
(12, 'A12'),
(12, 'A13'),
(12, 'A14'),
(12, 'A15'),
(12, 'A16'),
(12, 'A17'),
(12, 'A18'),
(12, 'A19'),
(12, 'A20'),
(12, 'A21'),
(12, 'A22'),
(12, 'A23'),
(12, 'A24'),
(12, 'A25'),
(12, 'A26'),
(12, 'B1'),
(12, 'B2'),
(12, 'B3'),
(12, 'B4'),
(12, 'B5'),
(12, 'B6'),
(12, 'B7'),
(12, 'B8'),
(12, 'B9'),
(12, 'B10'),
(12, 'B11'),
(12, 'B12'),
(12, 'B13'),
(12, 'B14'),
(12, 'B15'),
(12, 'B16'),
(12, 'B17'),
(12, 'B18'),
(12, 'B19'),
(12, 'B20'),
(12, 'B21'),
(12, 'B22'),
(12, 'B23'),
(12, 'B24'),
(12, 'B25'),
(12, 'B26'),
(12, 'C1'),
(12, 'C2'),
(12, 'C3'),
(12, 'C4'),
(12, 'C5'),
(12, 'C6'),
(12, 'C7'),
(12, 'C8'),
(12, 'C9'),
(12, 'C10'),
(12, 'C11'),
(12, 'C12'),
(12, 'C13'),
(12, 'C14'),
(12, 'C15'),
(12, 'C16'),
(12, 'C17'),
(12, 'C18'),
(12, 'C19'),
(12, 'C20'),
(12, 'C21'),
(12, 'C22'),
(12, 'C23'),
(12, 'C24'),
(12, 'C25'),
(12, 'C26'),
(12, 'D1'),
(12, 'D2'),
(12, 'D3'),
(12, 'D4'),
(12, 'D5'),
(12, 'D6'),
(12, 'D7'),
(12, 'D8'),
(12, 'D9'),
(12, 'D10'),
(12, 'D11'),
(12, 'D12'),
(12, 'D13'),
(12, 'D14'),
(12, 'D15'),
(12, 'D16'),
(12, 'D17'),
(12, 'D18'),
(12, 'D19'),
(12, 'D20'),
(12, 'D21'),
(12, 'D22'),
(12, 'D23'),
(12, 'D24'),
(12, 'D25'),
(12, 'D26'),
(12, 'E1'),
(12, 'E2'),
(12, 'E3'),
(12, 'E4'),
(12, 'E5'),
(12, 'E6'),
(12, 'E7'),
(12, 'E8'),
(12, 'E9'),
(12, 'E10'),
(12, 'E11'),
(12, 'E12'),
(12, 'E13'),
(12, 'E14'),
(12, 'E15'),
(12, 'E16'),
(12, 'E17'),
(12, 'E18'),
(12, 'E19'),
(12, 'E20'),
(12, 'E21'),
(12, 'E22'),
(12, 'E23'),
(12, 'E24'),
(12, 'E25'),
(12, 'E26'),
(12, 'F1'),
(12, 'F2'),
(12, 'F3'),
(12, 'F4'),
(12, 'F5'),
(12, 'F6'),
(12, 'F7'),
(12, 'F8'),
(12, 'F9'),
(12, 'F10'),
(12, 'F11'),
(12, 'F12'),
(12, 'F13'),
(12, 'F14'),
(12, 'F15'),
(12, 'F16'),
(12, 'F17'),
(12, 'F18'),
(12, 'F19'),
(12, 'F20'),
(12, 'F21'),
(12, 'F22'),
(12, 'F23'),
(12, 'F24'),
(12, 'F25'),
(12, 'F26'),
(12, 'G1'),
(12, 'G2'),
(12, 'G3'),
(12, 'G4'),
(12, 'G5'),
(12, 'G6'),
(12, 'G7'),
(12, 'G8'),
(12, 'G9'),
(12, 'G10'),
(12, 'G11'),
(12, 'G12'),
(12, 'G13'),
(12, 'G14'),
(12, 'G15'),
(12, 'G16'),
(12, 'G17'),
(12, 'G18'),
(12, 'G19'),
(12, 'G20'),
(12, 'G21'),
(12, 'G22'),
(12, 'G23'),
(12, 'G24'),
(12, 'G25'),
(12, 'G26'),
(12, 'H1'),
(12, 'H2'),
(12, 'H3'),
(12, 'H4'),
(12, 'H5'),
(12, 'H6'),
(12, 'H7'),
(12, 'H8'),
(12, 'H9'),
(12, 'H10'),
(12, 'H11'),
(12, 'H12'),
(12, 'H13'),
(12, 'H14'),
(12, 'H15'),
(12, 'H16'),
(12, 'H17'),
(12, 'H18'),
(12, 'H19'),
(12, 'H20'),
(12, 'H21'),
(12, 'H22'),
(12, 'H23'),
(12, 'H24'),
(12, 'H25'),
(12, 'H26'),
(12, 'I1'),
(12, 'I2'),
(12, 'I3'),
(12, 'I4'),
(12, 'I5'),
(12, 'I6'),
(12, 'I7'),
(12, 'I8'),
(12, 'I9'),
(12, 'I10'),
(12, 'I11'),
(12, 'I12'),
(12, 'I13'),
(12, 'I14'),
(12, 'I15'),
(12, 'I16'),
(12, 'I17'),
(12, 'I18'),
(12, 'I19'),
(12, 'I20'),
(12, 'I21'),
(12, 'I22'),
(12, 'I23'),
(12, 'I24'),
(12, 'I25'),
(12, 'I26'),
(12, 'J1'),
(12, 'J2'),
(12, 'J3'),
(12, 'J4'),
(12, 'J5'),
(12, 'J6'),
(12, 'J7'),
(12, 'J8'),
(12, 'J9'),
(12, 'J10'),
(12, 'J11'),
(12, 'J12'),
(12, 'J13'),
(12, 'J14'),
(12, 'J15'),
(12, 'J16'),
(12, 'J17'),
(12, 'J18'),
(12, 'J19'),
(12, 'J20'),
(12, 'J21'),
(12, 'J22'),
(12, 'J23'),
(12, 'J24'),
(12, 'J25'),
(12, 'J26'),
(12, 'K1'),
(12, 'K2'),
(12, 'K3'),
(12, 'K4'),
(12, 'K5'),
(12, 'K6'),
(12, 'K7'),
(12, 'K8'),
(12, 'K9'),
(12, 'K10'),
(12, 'K11'),
(12, 'K12'),
(12, 'K13'),
(12, 'K14'),
(12, 'K15'),
(12, 'K16'),
(12, 'K17'),
(12, 'K18'),
(12, 'K19'),
(12, 'K20'),
(12, 'K21'),
(12, 'K22'),
(12, 'K23'),
(12, 'K24'),
(12, 'K25'),
(12, 'K26'),
(12, 'L1'),
(12, 'L2'),
(12, 'L3'),
(12, 'L4'),
(12, 'L5'),
(12, 'L6'),
(12, 'L7'),
(12, 'L8'),
(12, 'L9'),
(12, 'L10'),
(12, 'L11'),
(12, 'L12'),
(12, 'L13'),
(12, 'L14'),
(12, 'L15'),
(12, 'L16'),
(12, 'L17'),
(12, 'L18'),
(12, 'L19'),
(12, 'L20'),
(12, 'L21'),
(12, 'L22'),
(12, 'L23'),
(12, 'L24'),
(12, 'L25'),
(12, 'L26'),
(12, 'M1'),
(12, 'M2'),
(12, 'M3'),
(12, 'M4'),
(12, 'M5'),
(12, 'M6'),
(12, 'M7'),
(12, 'M8'),
(12, 'M9'),
(12, 'M10'),
(12, 'M11'),
(12, 'M12'),
(12, 'M13'),
(12, 'M14'),
(12, 'M15'),
(12, 'M16'),
(12, 'M17'),
(12, 'M18'),
(12, 'M19'),
(12, 'M20'),
(12, 'M21'),
(12, 'M22'),
(12, 'M23'),
(12, 'M24'),
(12, 'M25'),
(12, 'M26'),
(12, 'N1'),
(12, 'N2'),
(12, 'N3'),
(12, 'N4'),
(12, 'N5'),
(12, 'N6'),
(12, 'N7'),
(12, 'N8'),
(12, 'N9'),
(12, 'N10'),
(12, 'N11'),
(12, 'N12'),
(12, 'N13'),
(12, 'N14'),
(12, 'N15'),
(12, 'N16'),
(12, 'N17'),
(12, 'N18'),
(12, 'N19'),
(12, 'N20'),
(12, 'N21'),
(12, 'N22'),
(12, 'N23'),
(12, 'N24'),
(12, 'N25'),
(12, 'N26'),
(12, 'O1'),
(12, 'O2'),
(12, 'O3'),
(12, 'O4'),
(12, 'O5'),
(12, 'O6'),
(12, 'O7'),
(12, 'O8'),
(12, 'O9'),
(12, 'O10'),
(12, 'O11'),
(12, 'O12'),
(12, 'O13'),
(12, 'O14'),
(12, 'O15'),
(12, 'O16'),
(12, 'O17'),
(12, 'O18'),
(12, 'O19'),
(12, 'O20'),
(12, 'O21'),
(12, 'O22'),
(12, 'O23'),
(12, 'O24'),
(12, 'O25'),
(12, 'O26'),
(12, 'P1'),
(12, 'P2'),
(12, 'P3'),
(12, 'P4'),
(12, 'P5'),
(12, 'P6'),
(12, 'P7'),
(12, 'P8'),
(12, 'P9'),
(12, 'P10'),
(12, 'P11'),
(12, 'P12'),
(12, 'P13'),
(12, 'P14'),
(12, 'P15'),
(12, 'P16'),
(12, 'P17'),
(12, 'P18'),
(12, 'P19'),
(12, 'P20'),
(12, 'P21'),
(12, 'P22'),
(12, 'P23'),
(12, 'P24'),
(12, 'P25'),
(12, 'P26'),
(12, 'Q1'),
(12, 'Q2'),
(12, 'Q3'),
(12, 'Q4'),
(12, 'Q5'),
(12, 'Q6'),
(12, 'Q7'),
(12, 'Q8'),
(12, 'Q9'),
(12, 'Q10'),
(12, 'Q11'),
(12, 'Q12'),
(12, 'Q13'),
(12, 'Q14'),
(12, 'Q15'),
(12, 'Q16'),
(12, 'Q17'),
(12, 'Q18'),
(12, 'Q19'),
(12, 'Q20'),
(12, 'Q21'),
(12, 'Q22'),
(12, 'Q23'),
(12, 'Q24'),
(12, 'Q25'),
(12, 'Q26'),
(12, 'R1'),
(12, 'R2'),
(12, 'R3'),
(12, 'R4'),
(12, 'R5'),
(12, 'R6'),
(12, 'R7'),
(12, 'R8'),
(12, 'R9'),
(12, 'R10'),
(12, 'R11'),
(12, 'R12'),
(12, 'R13'),
(12, 'R14'),
(12, 'R15'),
(12, 'R16'),
(12, 'R17'),
(12, 'R18'),
(12, 'R19'),
(12, 'R20'),
(12, 'R21'),
(12, 'R22'),
(12, 'R23'),
(12, 'R24'),
(12, 'R25'),
(12, 'R26'),
(12, 'S1'),
(12, 'S2'),
(12, 'S3'),
(12, 'S4'),
(12, 'S5'),
(12, 'S6'),
(12, 'S7'),
(12, 'S8'),
(12, 'S9'),
(12, 'S10'),
(12, 'S11'),
(12, 'S12'),
(12, 'S13'),
(12, 'S14'),
(12, 'S15'),
(12, 'S16'),
(12, 'S17'),
(12, 'S18'),
(12, 'S19'),
(12, 'S20'),
(12, 'S21'),
(12, 'S22'),
(12, 'S23'),
(12, 'S24'),
(12, 'S25'),
(12, 'S26'),
(12, 'T1'),
(12, 'T2'),
(12, 'T3'),
(12, 'T4'),
(12, 'T5'),
(12, 'T6');

INSERT INTO Seats (show_id, seat_number) VALUES
(12, 'T7'),
(12, 'T8'),
(12, 'T9'),
(12, 'T10'),
(12, 'T11'),
(12, 'T12'),
(12, 'T13'),
(12, 'T14'),
(12, 'T15'),
(12, 'T16'),
(12, 'T17'),
(12, 'T18'),
(12, 'T19'),
(12, 'T20'),
(12, 'T21'),
(12, 'T22'),
(12, 'T23'),
(12, 'T24'),
(12, 'T25'),
(12, 'T26'),
(12, 'U1'),
(12, 'U2'),
(12, 'U3'),
(12, 'U4'),
(12, 'U5'),
(12, 'U6'),
(12, 'U7'),
(12, 'U8'),
(12, 'U9'),
(12, 'U10'),
(12, 'U11'),
(12, 'U12'),
(12, 'U13'),
(12, 'U14'),
(12, 'U15'),
(12, 'U16'),
(12, 'U17'),
(12, 'U18'),
(12, 'U19'),
(12, 'U20'),
(12, 'U21'),
(12, 'U22'),
(12, 'U23'),
(12, 'U24'),
(12, 'U25'),
(12, 'U26'),
(12, 'V1'),
(12, 'V2'),
(12, 'V3'),
(12, 'V4'),
(12, 'V5'),
(12, 'V6'),
(12, 'V7'),
(12, 'V8'),
(12, 'V9'),
(12, 'V10'),
(12, 'V11'),
(12, 'V12'),
(12, 'V13'),
(12, 'V14'),
(12, 'V15'),
(12, 'V16'),
(12, 'V17'),
(12, 'V18'),
(12, 'V19'),
(12, 'V20'),
(12, 'V21'),
(12, 'V22'),
(12, 'V23'),
(12, 'V24'),
(12, 'V25'),
(12, 'V26'),
(12, 'W1'),
(12, 'W2'),
(12, 'W3'),
(12, 'W4'),
(12, 'W5'),
(12, 'W6'),
(12, 'W7'),
(12, 'W8'),
(12, 'W9'),
(12, 'W10'),
(12, 'W11'),
(12, 'W12'),
(12, 'W13'),
(12, 'W14'),
(12, 'W15'),
(12, 'W16'),
(12, 'W17'),
(12, 'W18'),
(12, 'W19'),
(12, 'W20'),
(12, 'W21'),
(12, 'W22'),
(12, 'W23'),
(12, 'W24'),
(12, 'W25'),
(12, 'W26'),
(12, 'X1'),
(12, 'X2'),
(12, 'X3'),
(12, 'X4'),
(12, 'X5'),
(12, 'X6'),
(12, 'X7'),
(12, 'X8'),
(12, 'X9'),
(12, 'X10'),
(12, 'X11'),
(12, 'X12'),
(12, 'X13'),
(12, 'X14'),
(12, 'X15'),
(12, 'X16'),
(12, 'X17'),
(12, 'X18'),
(12, 'X19'),
(12, 'X20'),
(12, 'X21'),
(12, 'X22'),
(12, 'X23'),
(12, 'X24'),
(12, 'X25'),
(12, 'X26'),
(12, 'Y1'),
(12, 'Y2'),
(12, 'Y3'),
(12, 'Y4'),
(12, 'Y5'),
(12, 'Y6'),
(12, 'Y7'),
(12, 'Y8'),
(12, 'Y9'),
(12, 'Y10'),
(12, 'Y11'),
(12, 'Y12'),
(12, 'Y13'),
(12, 'Y14'),
(12, 'Y15'),
(12, 'Y16'),
(12, 'Y17'),
(12, 'Y18'),
(12, 'Y19'),
(12, 'Y20'),
(12, 'Y21'),
(12, 'Y22'),
(12, 'Y23'),
(12, 'Y24'),
(12, 'Y25'),
(12, 'Y26'),
(12, 'Z1'),
(12, 'Z2'),
(12, 'Z3'),
(12, 'Z4'),
(12, 'Z5'),
(12, 'Z6'),
(12, 'Z7'),
(12, 'Z8'),
(12, 'Z9'),
(12, 'Z10'),
(12, 'Z11'),
(12, 'Z12'),
(12, 'Z13'),
(12, 'Z14'),
(12, 'Z15'),
(12, 'Z16'),
(12, 'Z17'),
(12, 'Z18'),
(12, 'Z19'),
(12, 'Z20'),
(12, 'Z21'),
(12, 'Z22'),
(12, 'Z23'),
(12, 'Z24'),
(12, 'Z25'),
(12, 'Z26'),
(12, 'R1'),
(12, 'R2'),
(12, 'R3'),
(12, 'R4'),
(12, 'R5'),
(12, 'R6'),
(12, 'R7'),
(12, 'R8'),
(12, 'R9'),
(12, 'R10'),
(12, 'R11'),
(12, 'R12'),
(12, 'RR1'),
(12, 'RR2'),
(12, 'RR3'),
(12, 'RR4'),
(12, 'RR5'),
(12, 'RR6'),
(12, 'RR7'),
(12, 'RR8'),
(12, 'RR9'),
(12, 'RR10'),
(12, 'RR11'),
(12, 'RR12');